,Country,League,Club,Player Names,Matches_Played,Substitution ,Mins,Goals,xG,xG Per Avg Match,Shots,OnTarget,Shots Per Avg Match,On Target Per Avg Match,Year
0,Spain,La Liga,(BET),Juanmi Callejon,19.0,16.0,1849,11,6.62,0.34,48.0,20.0,2.47,1.03,2016
1,Spain,La Liga,(BAR),Antoine Griezmann,36.0,0.0,3129,16,11.86,0.36,88.0,41.0,2.67,1.24,2016
2,Spain,La Liga,(ATL),Luis Suarez,34.0,1.0,2940,28,23.21,0.75,120.0,57.0,3.88,1.84,2016
3,Spain,La Liga,(CAR),Ruben Castro,32.0,3.0,2842,13,14.06,0.47,117.0,42.0,3.91,1.4,2016
4,Spain,La Liga,(VAL),Kevin Gameiro,21.0,10.0,1745,13,10.65,0.58,50.0,23.0,2.72,1.25,2016
5,Spain,La Liga,(JUV),Cristiano Ronaldo,29.0,0.0,2634,42,24.68,0.89,162.0,60.0,5.84,2.16,2016
6,Spain,La Liga,(RMA),Karim Benzema,23.0,6.0,1967,11,13.25,0.64,69.0,34.0,3.33,1.64,2016
7,Spain,La Liga,(PSG),Neymar ,30.0,0.0,2694,13,13.33,0.47,105.0,42.0,3.7,1.48,2016
8,Spain,La Liga,(CEL),Iago Aspas,25.0,7.0,2354,19,13.88,0.56,78.0,37.0,3.15,1.49,2016
9,Spain,La Liga,(EIB),Sergi Enrich,31.0,7.0,2904,11,8.25,0.27,64.0,26.0,2.09,0.85,2016
10,Spain,La Liga,None,Aduriz ,27.0,5.0,2480,16,15.92,0.61,85.0,45.0,3.26,1.72,2016
11,Spain,La Liga,(HUE),Sandro Ramlrez,28.0,2.0,2340,14,7.14,0.29,93.0,38.0,3.78,1.54,2016
12,Spain,La Liga,(BAR),Lionel Messi,32.0,2.0,2910,37,26.65,0.87,179.0,76.0,5.84,2.48,2016
13,Spain,La Liga,(VIL),Gerard Moreno,37.0,0.0,3361,13,8.49,0.24,82.0,32.0,2.32,0.9,2016
14,Spain,La Liga,(JUV),Morata,14.0,12.0,1392,15,9.67,0.66,55.0,30.0,3.75,2.05,2016
15,Spain,La Liga,(MON),Wissam Ben Yedder,20.0,11.0,1735,11,7.85,0.43,44.0,23.0,2.41,1.26,2016
16,Spain,La Liga,(SOC),Willian Jose,27.0,1.0,2102,12,8.41,0.38,69.0,29.0,3.12,1.31,2016
17,Spain,La Liga,Florin,Andone ,32.0,5.0,2984,12,11.62,0.37,99.0,42.0,3.15,1.34,2016
18,Spain,La Liga,(SOC),Cedric Bakambu,17.0,9.0,1633,10,8.08,0.47,50.0,26.0,2.91,1.51,2016
19,Spain,La Liga,(RMA),Isco,18.0,12.0,1690,10,3.91,0.22,32.0,15.0,1.8,0.84,2016
20,Italy,Serie A,(LIV),Mohamed Salah,29.0,2.0,2567,15,11.62,0.43,80.0,50.0,2.96,1.85,2016
21,Italy,Serie A,(SAS),Gregoire Defrel,23.0,6.0,2054,12,8.0,0.37,43.0,28.0,1.99,1.3,2016
22,Italy,Serie A,(LAZ),Ciro Immobile,35.0,1.0,3294,22,19.76,0.57,136.0,98.0,3.92,2.83,2016
23,Italy,Serie A,(VER),Nikola Kalinic,26.0,6.0,2648,15,15.05,0.54,90.0,61.0,3.23,2.19,2016
24,Italy,Serie A,(NAP),Dries Mertens,28.0,7.0,2671,28,21.65,0.77,148.0,102.0,5.26,3.63,2016
25,Italy,Serie A,(ATA),Alejandro Gomez,37.0,0.0,3247,16,11.62,0.34,117.0,75.0,3.42,2.19,2016
26,Italy,Serie A,(FIO),Jose CallejOn,37.0,0.0,3276,14,11.38,0.33,86.0,57.0,2.49,1.65,2016
27,Italy,Serie A,(BEN),Iago Falque,31.0,4.0,2633,12,8.04,0.29,65.0,42.0,2.35,1.52,2016
28,Italy,Serie A,(CAG),Giovanni Simeone,29.0,6.0,2764,12,12.22,0.42,76.0,35.0,2.61,1.2,2016
29,Italy,Serie A,(PSG),Mauro Icardi,34.0,0.0,3188,24,19.13,0.57,109.0,52.0,3.25,1.55,2016
30,Italy,Serie A,(CRZ),Diego Falcinelli,35.0,1.0,3308,13,11.49,0.33,99.0,65.0,2.84,1.87,2016
31,Italy,Serie A,Cyril,Cyril Thereau,31.0,2.0,2585,12,9.25,0.34,70.0,48.0,2.57,1.76,2016
32,Italy,Serie A,(ROM),Edin Dzeko,33.0,4.0,3194,29,30.6,0.91,178.0,99.0,5.29,2.94,2016
33,Italy,Serie A,(NAP),Lorenzo Insigne,35.0,2.0,3031,18,13.08,0.41,147.0,81.0,4.61,2.54,2016
34,Italy,Serie A,(SAM),Fabio Quagliarella,35.0,2.0,3030,12,13.71,0.43,112.0,70.0,3.51,2.19,2016
35,Italy,Serie A,Marco,Borriello ,30.0,6.0,2737,16,7.78,0.27,81.0,51.0,2.81,1.77,2016
36,Italy,Serie A,(VIL),Carlos Bacca,26.0,6.0,2228,13,14.07,0.6,56.0,39.0,2.39,1.66,2016
37,Italy,Serie A,(IMI),Gonzalo Higuain,32.0,6.0,3138,24,17.84,0.54,134.0,91.0,4.06,2.75,2016
38,Italy,Serie A,(SAM),Keita Balde,21.0,10.0,2033,16,7.7,0.36,70.0,48.0,3.27,2.24,2016
39,Italy,Serie A,(TOR),Andrea Belotti,34.0,1.0,3241,26,19.45,0.57,130.0,78.0,3.81,2.29,2016
40,Germany,Bundesliga,(HKI),Fin Bartels,23.0,8.0,2315,8,6.34,0.26,42.0,29.0,1.72,1.19,2016
41,Germany,Bundesliga,(BMG),Lars Stindl,29.0,1.0,2673,11,8.44,0.3,68.0,50.0,2.42,1.78,2016
42,Germany,Bundesliga,(BAY),Serge Gnabry,23.0,4.0,2028,11,5.76,0.27,62.0,33.0,2.9,1.55,2016
43,Germany,Bundesliga,Sandro,Wagner ,30.0,1.0,2695,11,12.2,0.43,65.0,35.0,2.29,1.23,2016
44,Germany,Bundesliga,(HOF),Andrej Kramaric,28.0,6.0,2449,15,13.41,0.52,99.0,60.0,3.84,2.33,2016
45,Germany,Bundesliga,(FCA),Florian Niederlechner,29.0,5.0,2477,11,10.69,0.41,79.0,56.0,3.03,2.15,2016
46,Germany,Bundesliga,(BAY),Robert Lewandowski,31.0,2.0,2871,30,30.52,1.01,143.0,86.0,4.73,2.85,2016
47,Germany,Bundesliga,(RBL),Emil Forsberg,27.0,3.0,2420,8,5.86,0.23,49.0,32.0,1.92,1.26,2016
48,Germany,Bundesliga,(CHE),Timo Werner,28.0,3.0,2496,21,12.61,0.48,74.0,50.0,2.82,1.9,2016
49,Germany,Bundesliga,(SCF),Nils Petersen,7.0,26.0,1351,10,9.24,0.65,52.0,33.0,3.66,2.32,2016
50,Germany,Bundesliga,(SCH),Vedad Ibisevic,32.0,0.0,2772,12,12.84,0.44,72.0,46.0,2.47,1.58,2016
51,Germany,Bundesliga,None,Mario Gomez,32.0,1.0,2950,16,18.32,0.59,84.0,45.0,2.71,1.45,2016
52,Germany,Bundesliga,(WOB),Maximilian Philipp,23.0,2.0,2000,9,6.11,0.29,53.0,34.0,2.52,1.62,2016
53,Germany,Bundesliga,(MAI),Adam Szalai,7.0,15.0,833,8,3.95,0.45,18.0,15.0,2.05,1.71,2016
54,Germany,Bundesliga,(ARS),Pierre-Emerick Aubameyang,31.0,1.0,2894,31,28.94,0.95,116.0,78.0,3.81,2.56,2016
55,Germany,Bundesliga,(STP),Guido Burgstaller,17.0,1.0,1494,9,8.18,0.52,45.0,24.0,2.86,1.53,2016
56,Germany,Bundesliga,(UNB),Max Kruse,23.0,0.0,2121,15,8.48,0.38,41.0,28.0,1.84,1.25,2016
57,Germany,Bundesliga,(LAG),Chicharito ,20.0,6.0,1895,11,11.57,0.58,52.0,30.0,2.61,1.5,2016
58,Germany,Bundesliga,(KOL),Anthony Modeste,34.0,0.0,3075,25,19.74,0.61,101.0,53.0,3.12,1.64,2016
59,Germany,Bundesliga,(GRO),Arjen Robben,21.0,5.0,1882,13,4.95,0.25,83.0,52.0,4.19,2.62,2016
60,England,Premier League,(INT),Alexis Sanchez,36.0,2.0,3385,24,19.24,0.54,129.0,49.0,3.62,1.38,2016
61,England,Premier League,(INT),Romelu Lukaku,36.0,1.0,3448,25,18.15,0.5,110.0,53.0,3.03,1.46,2016
62,England,Premier League,(TOT),Harry Kane,29.0,1.0,2636,29,18.87,0.68,110.0,58.0,3.96,2.09,2016
63,England,Premier League,(LEI),Jamie Vardy,33.0,2.0,2938,13,9.28,0.3,54.0,26.0,1.75,0.84,2016
64,England,Premier League,(CRY),Christian Benteke,36.0,0.0,3299,15,18.4,0.53,105.0,38.0,3.02,1.09,2016
65,England,Premier League,(ROM),Pedro None,26.0,9.0,2250,10,5.68,0.24,59.0,17.0,2.49,0.72,2016
66,England,Premier League,(RMA),Eden Hazard,36.0,0.0,3101,16,11.1,0.34,77.0,32.0,2.36,0.98,2016
67,England,Premier League,(LIV),Roberto Firmino,34.0,1.0,3228,11,10.87,0.32,104.0,43.0,3.06,1.27,2016
68,England,Premier League,(LIV),Sadio Mane,26.0,1.0,2347,13,9.14,0.37,58.0,24.0,2.35,0.97,2016
69,England,Premier League,(BAR),Philippe Coutinho,28.0,3.0,2327,13,9.31,0.38,107.0,36.0,4.37,1.47,2016
70,England,Premier League,(ATL),Diego Costa,35.0,0.0,3232,20,16.67,0.49,111.0,41.0,3.26,1.21,2016
71,England,Premier League,(TOT),Dele Alli,35.0,2.0,3182,18,15.07,0.45,95.0,43.0,2.84,1.28,2016
72,England,Premier League,(MNC),Sergio Aguero,25.0,6.0,2444,21,22.38,0.87,139.0,51.0,5.4,1.98,2016
73,England,Premier League,(RAN),Jermain Defoe,37.0,0.0,3511,15,15.52,0.42,99.0,31.0,2.68,0.84,2016
74,England,Premier League,(NAP),Fernando Llorente,28.0,5.0,2562,15,8.36,0.31,52.0,25.0,1.93,0.93,2016
75,England,Premier League,(WHU),Michail Antonio,29.0,0.0,2493,11,9.71,0.37,79.0,25.0,3.01,0.95,2016
76,England,Premier League,(ACM),Zlatan Ibrahimovic,27.0,1.0,2578,17,15.74,0.58,115.0,45.0,4.24,1.66,2016
77,England,Premier League,(CHE),Olivier Giroud,11.0,18.0,1311,12,6.9,0.5,39.0,20.0,2.83,1.45,2016
78,England,Premier League,(TOT),Son Heung-Min,23.0,11.0,2174,14,7.32,0.32,80.0,33.0,3.5,1.44,2016
79,England,Premier League,(BOU),Joshua King,31.0,5.0,2856,16,10.82,0.36,67.0,29.0,2.23,0.96,2016
80,Brazil,Campeonato Brasileiro SÃ©rie A,(GRE),Diego Souza,34.0,0.0,2981,14,10.67,0.34,86.0,35.0,2.74,1.12,2016
81,Brazil,Campeonato Brasileiro SÃ©rie A,(SAP),Pablo ,30.0,3.0,2757,9,7.55,0.26,63.0,24.0,2.17,0.83,2016
82,Brazil,Campeonato Brasileiro SÃ©rie A,None,Robinho ,26.0,4.0,2234,12,8.0,0.34,49.0,22.0,2.08,0.94,2016
83,Brazil,Campeonato Brasileiro SÃ©rie A,None,Kempes ,19.0,7.0,1684,9,5.85,0.33,44.0,21.0,2.48,1.18,2016
84,Brazil,Campeonato Brasileiro SÃ©rie A,(MNC),Gabriel Jesus,26.0,1.0,2448,12,11.08,0.43,75.0,34.0,2.91,1.32,2016
85,Brazil,Campeonato Brasileiro SÃ©rie A,None,Bruno Rangel ,19.0,12.0,2016,10,8.91,0.42,35.0,17.0,1.65,0.8,2016
86,Brazil,Campeonato Brasileiro SÃ©rie A,(CEA),Rogerio ,22.0,9.0,2051,9,6.69,0.31,81.0,28.0,3.75,1.3,2016
87,Brazil,Campeonato Brasileiro SÃ©rie A,(SAP),Vitor Bueno,32.0,1.0,2670,10,9.27,0.33,73.0,30.0,2.6,1.07,2016
88,Brazil,Campeonato Brasileiro SÃ©rie A,(SAN),Marinho ,27.0,0.0,2360,12,7.45,0.3,111.0,34.0,4.47,1.37,2016
89,Brazil,Campeonato Brasileiro SÃ©rie A,None,Grafite ,29.0,2.0,2511,13,14.01,0.53,64.0,34.0,2.42,1.29,2016
90,Brazil,Campeonato Brasileiro SÃ©rie A,(HUR),Andres Chavez,19.0,2.0,1786,9,10.53,0.56,67.0,32.0,3.56,1.7,2016
91,Brazil,Campeonato Brasileiro SÃ©rie A,(BOT),Cicero Semedo,35.0,0.0,3322,9,9.79,0.28,62.0,27.0,1.77,0.77,2016
92,Brazil,Campeonato Brasileiro SÃ©rie A,None,Sassa,13.0,13.0,1412,12,11.15,0.75,41.0,25.0,2.76,1.68,2016
93,Brazil,Campeonato Brasileiro SÃ©rie A,(FLA),Giorgian de Arrascaeta,30.0,1.0,2423,9,7.65,0.3,75.0,24.0,2.94,0.94,2016
94,Brazil,Campeonato Brasileiro SÃ©rie A,(CAM),Keno ,32.0,2.0,3093,10,6.19,0.19,73.0,25.0,2.24,0.77,2016
95,Brazil,Campeonato Brasileiro SÃ©rie A,(FLU),Fred ,33.0,1.0,2821,14,13.66,0.46,63.0,28.0,2.12,0.94,2016
96,Brazil,Campeonato Brasileiro SÃ©rie A,None,Kleber Gladiador,23.0,1.0,2143,9,8.35,0.37,50.0,23.0,2.22,1.02,2016
97,Brazil,Campeonato Brasileiro SÃ©rie A,None,Pottker ,19.0,12.0,2007,14,8.66,0.41,61.0,25.0,2.89,1.18,2016
98,Brazil,Campeonato Brasileiro SÃ©rie A,None,Jonathan Copete,22.0,3.0,2147,10,8.14,0.36,37.0,17.0,1.64,0.75,2016
99,Brazil,Campeonato Brasileiro SÃ©rie A,(CFC),Ricardo Oliveira,20.0,0.0,1834,11,8.49,0.44,53.0,25.0,2.75,1.29,2016
100,Spain,La Liga,(GET),Angel Rodriguez,26.0,7.0,2390,13,11.82,0.47,68.0,31.0,2.7,1.23,2017
101,Spain,La Liga,(BAR),Antoine Griezmann,30.0,2.0,2596,19,15.58,0.57,72.0,40.0,2.63,1.46,2017
102,Spain,La Liga,(CEL),Iago Aspas,33.0,1.0,3053,22,19.92,0.62,94.0,43.0,2.92,1.34,2017
103,Spain,La Liga,(TOT),Gareth Bale,20.0,6.0,1872,16,12.81,0.65,77.0,32.0,3.91,1.62,2017
104,Spain,La Liga,None,Rodrigo None,31.0,6.0,2770,16,15.45,0.53,92.0,38.0,3.16,1.3,2017
105,Spain,La Liga,(ATL),Luis Suarez,32.0,1.0,3008,25,25.65,0.81,121.0,55.0,3.82,1.74,2017
106,Spain,La Liga,(LEV),Sergio Leon,23.0,8.0,2071,11,11.12,0.51,65.0,27.0,2.98,1.24,2017
107,Spain,La Liga,(BAR),Lionel Messi,32.0,4.0,3123,33,32.54,0.99,197.0,95.0,5.99,2.89,2017
108,Spain,La Liga,(VAL),Maxi Gomez,35.0,1.0,3168,18,18.01,0.54,83.0,37.0,2.49,1.11,2017
109,Spain,La Liga,(SOC),Mikel Oyarzabal,31.0,4.0,2864,12,9.35,0.31,65.0,32.0,2.16,1.06,2017
110,Spain,La Liga,(SOC),Willian Josa,32.0,2.0,2869,15,13.89,0.46,89.0,29.0,2.95,0.96,2017
111,Spain,La Liga,(TOR),Simone Zaza,23.0,10.0,2163,13,12.07,0.53,73.0,24.0,3.21,1.05,2017
112,Spain,La Liga,(JUV),Cristiano Ronaldo,27.0,0.0,2375,26,29.0,1.16,178.0,76.0,7.12,3.04,2017
113,Spain,La Liga,(SOC),Portu ,35.0,2.0,3081,11,10.7,0.33,49.0,25.0,1.51,0.77,2017
114,Spain,La Liga,(VIL),Gerard Moreno,38.0,0.0,3555,16,17.96,0.48,105.0,47.0,2.81,1.26,2017
115,Spain,La Liga,(GIR),Cristhian Stuani,32.0,1.0,2785,21,20.52,0.7,74.0,37.0,2.52,1.26,2017
116,Spain,La Liga,(VIL),Carlos Bacca,30.0,5.0,2572,15,14.35,0.53,73.0,34.0,2.7,1.26,2017
117,Spain,La Liga,(CEL),Santi Mina,17.0,15.0,1630,12,9.44,0.55,43.0,20.0,2.51,1.17,2017
118,Spain,La Liga,(LEV),Morales ,35.0,0.0,3180,10,10.71,0.32,61.0,25.0,1.82,0.75,2017
119,Spain,La Liga,(SEV),Munir ,28.0,5.0,2517,10,10.6,0.4,62.0,23.0,2.34,0.87,2017
120,Italy,Serie A,(FIO),Jose Callejon,38.0,0.0,3359,10,10.25,0.29,64.0,32.0,1.81,0.91,2017
121,Italy,Serie A,(LAZ),Sergej Milinkovic-Savic,33.0,2.0,3014,12,6.66,0.21,91.0,34.0,2.87,1.07,2017
122,Italy,Serie A,(ATA),Duvan Zapata,24.0,7.0,2229,11,9.39,0.4,57.0,22.0,2.43,0.94,2017
123,Italy,Serie A,(JUV),Paulo Dybala,26.0,7.0,2407,22,11.4,0.45,114.0,45.0,4.5,1.78,2017
124,Italy,Serie A,(IMI),Gonzalo Higuain,32.0,3.0,2935,16,12.05,0.39,102.0,40.0,3.3,1.29,2017
125,Italy,Serie A,(BAR),Mirco Antenucci,28.0,5.0,2735,11,8.06,0.28,65.0,26.0,2.26,0.9,2017
126,Italy,Serie A,(SAM),Fabio Quagliarella,33.0,2.0,2864,19,17.79,0.59,113.0,46.0,3.75,1.53,2017
127,Italy,Serie A,(LAZ),Luis Alberto,32.0,2.0,2797,11,6.77,0.23,81.0,25.0,2.75,0.85,2017
128,Italy,Serie A,(PAR),Roberto Inglese,33.0,1.0,2914,12,9.82,0.32,76.0,37.0,2.48,1.21,2017
129,Italy,Serie A,(TOR),Andrea Belotti,29.0,3.0,2854,10,11.72,0.39,86.0,28.0,2.86,0.93,2017
130,Italy,Serie A,(ATA),Josip Ilicic,21.0,10.0,2115,11,8.24,0.37,89.0,36.0,4.0,1.62,2017
131,Italy,Serie A,(CAG),Giovanni Simeone,36.0,2.0,3157,14,13.29,0.4,107.0,37.0,3.22,1.11,2017
132,Italy,Serie A,(INT),Ivan Perisic,37.0,0.0,3491,11,9.19,0.25,116.0,38.0,3.16,1.03,2017
133,Italy,Serie A,(ROM),Edin Dzeko,33.0,3.0,3177,16,16.39,0.49,152.0,56.0,4.55,1.67,2017
134,Italy,Serie A,(CAG),Leonardo Pavoletti,31.0,2.0,2897,11,11.28,0.37,87.0,34.0,2.85,1.11,2017
135,Italy,Serie A,(LAZ),Ciro Immobile,33.0,0.0,2799,29,19.15,0.65,110.0,53.0,3.73,1.8,2017
136,Italy,Serie A,(NAP),Dries Mertens,35.0,3.0,3133,18,16.16,0.49,128.0,47.0,3.88,1.43,2017
137,Italy,Serie A,(PSG),Mauro Icardi,34.0,0.0,3096,29,23.14,0.71,101.0,53.0,3.1,1.63,2017
138,Italy,Serie A,(UDI),Kevin Lasagna,26.0,3.0,2244,12,11.34,0.48,72.0,31.0,3.05,1.31,2017
139,Italy,Serie A,(BEN),Iago Falque,34.0,3.0,2950,12,9.01,0.29,76.0,22.0,2.45,0.71,2017
140,Germany,Bundesliga,(BAY),Robert Lewandowski,24.0,6.0,2247,29,26.49,1.12,127.0,54.0,5.37,2.28,2017
141,Germany,Bundesliga,(SVW),Niclas Fullkrug,26.0,8.0,2507,14,12.14,0.46,87.0,33.0,3.3,1.25,2017
142,Germany,Bundesliga,(STP),Guido Burgstaller,24.0,8.0,2447,11,8.24,0.32,55.0,25.0,2.14,0.97,2017
143,Germany,Bundesliga,(BOT),Salomon Kalou,27.0,4.0,2272,12,9.33,0.39,50.0,23.0,2.09,0.96,2017
144,Germany,Bundesliga,(DOR),Thorgan Hazard,33.0,1.0,3062,10,12.89,0.4,87.0,33.0,2.7,1.02,2017
145,Germany,Bundesliga,(NAN),Jean-Kevin Augustin,14.0,11.0,1330,9,6.16,0.44,37.0,18.0,2.64,1.29,2017
146,Germany,Bundesliga,(BAY),Serge Gnabry,20.0,2.0,1555,10,5.57,0.34,49.0,23.0,2.99,1.41,2017
147,Germany,Bundesliga,(HOF),Andrej Kramaric,22.0,12.0,2353,13,9.66,0.39,83.0,35.0,3.35,1.41,2017
148,Germany,Bundesliga,(SCF),Nils Petersen,24.0,8.0,2362,15,11.93,0.48,63.0,24.0,2.53,0.97,2017
149,Germany,Bundesliga,None,Sandro Wagner ,18.0,7.0,1666,12,10.0,0.57,55.0,26.0,3.14,1.48,2017
150,Germany,Bundesliga,(CHE),Timo Werner,28.0,4.0,2596,13,13.39,0.49,95.0,40.0,3.48,1.46,2017
151,Germany,Bundesliga,(LEV),Leon Bailey,25.0,5.0,2317,9,7.56,0.31,76.0,27.0,3.12,1.11,2017
152,Germany,Bundesliga,(VfB),Daniel Didavi,26.0,4.0,2312,9,3.89,0.16,55.0,19.0,2.26,0.78,2017
153,Germany,Bundesliga,(FCA),Alfred Finnbogason,22.0,0.0,1879,12,11.08,0.56,51.0,25.0,2.58,1.26,2017
154,Germany,Bundesliga,(SVW),Davie Selke,19.0,8.0,1974,10,8.1,0.39,47.0,22.0,2.26,1.06,2017
155,Germany,Bundesliga,(SCH),Mark Uth,24.0,7.0,2279,14,9.84,0.41,54.0,21.0,2.25,0.88,2017
156,Germany,Bundesliga,(FCA),Michael Gregoritsch,30.0,2.0,2626,13,10.78,0.39,92.0,36.0,3.33,1.3,2017
157,Germany,Bundesliga,(DOR),Julian Brandt,26.0,8.0,2419,9,6.37,0.25,43.0,22.0,1.69,0.86,2017
158,Germany,Bundesliga,(MON),Kevin Volland,30.0,1.0,2693,14,8.79,0.31,55.0,28.0,1.94,0.99,2017
159,Germany,Bundesliga,(ARS),Pierre-Emerick Aubameyang,16.0,0.0,1480,13,16.36,1.05,58.0,27.0,3.72,1.73,2017
160,Brazil,Campeonato Brasileiro SÃ©rie A,(OPE),Roger ,19.0,1.0,1465,11,8.64,0.56,47.0,20.0,3.05,1.3,2017
161,Brazil,Campeonato Brasileiro SÃ©rie A,(CRU),Arthur Caike,34.0,0.0,2824,8,7.73,0.26,85.0,25.0,2.86,0.84,2017
162,Brazil,Campeonato Brasileiro SÃ©rie A,(BEN),Everton ,14.0,18.0,1224,8,9.53,0.74,54.0,30.0,4.19,2.33,2017
163,Brazil,Campeonato Brasileiro SÃ©rie A,(SAP),Hernanes ,19.0,0.0,1222,9,5.27,0.41,52.0,23.0,4.04,1.79,2017
164,Brazil,Campeonato Brasileiro SÃ©rie A,None,Luiz Fernando,21.0,7.0,1792,9,6.04,0.32,54.0,22.0,2.86,1.17,2017
165,Brazil,Campeonato Brasileiro SÃ©rie A,(FOR),Wellington Paulista,30.0,3.0,2278,9,9.35,0.39,63.0,30.0,2.63,1.25,2017
166,Brazil,Campeonato Brasileiro SÃ©rie A,(FLU),Fred ,27.0,2.0,1865,12,12.56,0.64,57.0,24.0,2.9,1.22,2017
167,Brazil,Campeonato Brasileiro SÃ©rie A,(SAP),Santiago Trellez,23.0,0.0,1694,10,7.67,0.43,53.0,20.0,2.97,1.12,2017
168,Brazil,Campeonato Brasileiro SÃ©rie A,(COR),Jo,34.0,0.0,2847,18,16.78,0.56,80.0,39.0,2.67,1.3,2017
169,Brazil,Campeonato Brasileiro SÃ©rie A,(SCR),Thiago Neves,30.0,3.0,2383,9,10.54,0.42,102.0,51.0,4.07,2.03,2017
170,Brazil,Campeonato Brasileiro SÃ©rie A,(FLA),Bruno Henrique,28.0,0.0,2136,8,10.57,0.47,52.0,24.0,2.31,1.07,2017
171,Brazil,Campeonato Brasileiro SÃ©rie A,None,Dudu ,23.0,3.0,1751,10,6.82,0.37,45.0,23.0,2.44,1.25,2017
172,Brazil,Campeonato Brasileiro SÃ©rie A,(FLA),Diego ,24.0,3.0,2089,10,7.92,0.36,56.0,22.0,2.55,1.0,2017
173,Brazil,Campeonato Brasileiro SÃ©rie A,(GRE),Diego Souza,26.0,1.0,1953,11,11.72,0.57,74.0,30.0,3.6,1.46,2017
174,Brazil,Campeonato Brasileiro SÃ©rie A,(FLU),Lucca ,37.0,0.0,2933,13,11.11,0.36,96.0,40.0,3.11,1.3,2017
175,Brazil,Campeonato Brasileiro SÃ©rie A,None,Henrique Dourado,32.0,0.0,2472,19,14.83,0.57,65.0,37.0,2.5,1.42,2017
176,Brazil,Campeonato Brasileiro SÃ©rie A,None,Andre,35.0,0.0,2931,16,14.81,0.48,88.0,34.0,2.85,1.1,2017
177,Brazil,Campeonato Brasileiro SÃ©rie A,None,Edigar Junio ,21.0,5.0,1547,12,11.4,0.7,49.0,29.0,3.01,1.78,2017
178,Brazil,Campeonato Brasileiro SÃ©rie A,None,Junior  Dutra,27.0,3.0,2022,9,10.43,0.49,75.0,25.0,3.52,1.17,2017
179,Brazil,Campeonato Brasileiro SÃ©rie A,(GRE),Luiz Fernando,21.0,12.0,1769,9,5.96,0.32,42.0,16.0,2.26,0.86,2017
180,Spain,La Liga,(RMA),Karim Benzema,35.0,1.0,3072,21,17.46,0.54,104.0,44.0,3.22,1.36,2018
181,Spain,La Liga,(VAL),Maxi Gomez,33.0,2.0,3148,13,12.92,0.39,82.0,28.0,2.47,0.84,2018
182,Spain,La Liga,(CEL),Iago Aspas,26.0,1.0,2369,20,12.47,0.5,69.0,32.0,2.77,1.28,2018
183,Spain,La Liga,(GET),Jaime Mata,27.0,7.0,2569,14,12.44,0.46,59.0,25.0,2.18,0.92,2018
184,Spain,La Liga,(BIL),Inaki Williams,36.0,2.0,3148,12,13.59,0.41,75.0,33.0,2.26,1.0,2018
185,Spain,La Liga,(GIR),Cristhian Stuani,30.0,2.0,2897,19,16.47,0.54,77.0,39.0,2.53,1.28,2018
186,Spain,La Liga,(OSA),Chimy Avila,20.0,14.0,2131,10,7.63,0.34,88.0,24.0,3.92,1.07,2018
187,Spain,La Liga,(ESP),Raul de Tomas,32.0,1.0,2964,14,16.22,0.52,115.0,47.0,3.69,1.51,2018
188,Spain,La Liga,(ATL),Luis Suarez,31.0,2.0,2954,21,24.88,0.8,112.0,58.0,3.6,1.87,2018
189,Spain,La Liga,(LEV),Roger ,23.0,8.0,1999,13,14.1,0.67,71.0,30.0,3.37,1.43,2018
190,Spain,La Liga,(SOC),Willian Jose,28.0,3.0,2471,12,11.7,0.45,55.0,26.0,2.11,1.0,2018
191,Spain,La Liga,(PSG),Pablo Sarabia,30.0,3.0,2877,13,11.81,0.39,75.0,31.0,2.48,1.02,2018
192,Spain,La Liga,(SOC),Mikel Oyarzabal,36.0,1.0,3300,13,11.12,0.32,66.0,28.0,1.9,0.81,2018
193,Spain,La Liga,(BAR),Antoine Griezmann,37.0,0.0,3349,15,14.45,0.41,113.0,45.0,3.21,1.28,2018
194,Spain,La Liga,(BET),Borja Iglesias,35.0,2.0,3246,17,16.4,0.48,90.0,38.0,2.63,1.11,2018
195,Spain,La Liga,(BAR),Lionel Messi,29.0,5.0,2849,36,25.49,0.85,170.0,87.0,5.67,2.9,2018
196,Spain,La Liga,(GRA),Jorge Molina,28.0,10.0,2819,14,11.28,0.38,57.0,23.0,1.92,0.78,2018
197,Spain,La Liga,None,Charles,17.0,17.0,1861,14,13.91,0.71,63.0,30.0,3.22,1.53,2018
198,Spain,La Liga,(MON),Wissam Ben Yedder,31.0,4.0,2975,18,17.22,0.55,76.0,36.0,2.43,1.15,2018
199,Spain,La Liga,(LEV),Morales ,35.0,2.0,3381,12,13.52,0.38,65.0,33.0,1.83,0.93,2018
200,Italy,Serie A,(NAP),Arkadiusz Milik,27.0,8.0,2560,17,12.4,0.46,111.0,51.0,4.12,1.89,2018
201,Italy,Serie A,(ATA),Duvan Zapata,32.0,5.0,3064,23,18.38,0.57,118.0,50.0,3.66,1.55,2018
202,Italy,Serie A,(NAP),Lorenzo Insigne,24.0,4.0,2191,10,9.23,0.4,120.0,37.0,5.2,1.6,2018
203,Italy,Serie A,(JUV),Cristiano Ronaldo,30.0,1.0,2857,21,21.65,0.72,177.0,68.0,5.89,2.26,2018
204,Italy,Serie A,(LAZ),Ciro Immobile,31.0,5.0,3046,15,15.71,0.49,124.0,49.0,3.87,1.53,2018
205,Italy,Serie A,(TOR),Andrea Belotti,37.0,0.0,3533,15,15.99,0.43,125.0,47.0,3.36,1.26,2018
206,Italy,Serie A,(SAM),Fabio Quagliarella,37.0,0.0,3269,26,23.06,0.67,141.0,57.0,4.1,1.66,2018
207,Italy,Serie A,Mario,Mandzukic None,23.0,2.0,2125,9,6.49,0.29,31.0,17.0,1.39,0.76,2018
208,Italy,Serie A,(ROM),Edin Dzeko,28.0,5.0,2741,9,13.56,0.47,131.0,50.0,4.54,1.73,2018
209,Italy,Serie A,(NAP),Andrea Petagna,35.0,1.0,3196,16,12.78,0.38,89.0,41.0,2.65,1.22,2018
210,Italy,Serie A,(PAR),Roberto Inglese,23.0,2.0,2075,9,7.86,0.36,47.0,21.0,2.15,0.96,2018
211,Italy,Serie A,(ATA),Josip Ilicic,23.0,8.0,2262,12,9.29,0.39,101.0,38.0,4.24,1.6,2018
212,Italy,Serie A,(SAS),Francesco Caputo,38.0,0.0,3641,16,16.1,0.42,96.0,43.0,2.5,1.12,2018
213,Italy,Serie A,(CAG),Leonardo Pavoletti,31.0,1.0,2903,16,11.0,0.36,84.0,33.0,2.75,1.08,2018
214,Italy,Serie A,(SAS),Gregoire Defrel,26.0,10.0,2388,11,8.3,0.33,47.0,23.0,1.87,0.91,2018
215,Italy,Serie A,(NAP),Dries Mertens,23.0,12.0,2416,16,10.43,0.41,89.0,39.0,3.5,1.53,2018
216,Italy,Serie A,None,Stephan El Shaarawy,23.0,5.0,2213,11,7.22,0.31,70.0,30.0,3.0,1.29,2018
217,Italy,Serie A,(PAR),Gervinho ,27.0,3.0,2430,11,6.91,0.27,44.0,19.0,1.72,0.74,2018
218,Italy,Serie A,(PSG),Mauro Icardi,24.0,5.0,2314,11,14.86,0.61,73.0,29.0,3.0,1.19,2018
219,Italy,Serie A,(BSC),Krzysztof Piatek,34.0,3.0,3147,23,17.23,0.52,118.0,52.0,3.56,1.57,2018
220,Germany,Bundesliga,(HOF),Andrej Kramaric,28.0,2.0,2527,16,19.42,0.73,110.0,43.0,4.14,1.62,2018
221,Germany,Bundesliga,(BMG),Alassane Plea,28.0,6.0,2613,12,11.28,0.41,83.0,41.0,3.02,1.49,2018
222,Germany,Bundesliga,(CHE),Kai Havertz,33.0,1.0,3033,16,11.17,0.35,87.0,42.0,2.73,1.32,2018
223,Germany,Bundesliga,(RMA),Luka Jovic,25.0,7.0,2353,17,14.12,0.57,97.0,42.0,3.92,1.7,2018
224,Germany,Bundesliga,(ACM),Ante Rebic,23.0,5.0,2075,11,9.17,0.42,61.0,28.0,2.79,1.28,2018
225,Germany,Bundesliga,(DOR),Jadon Sancho,26.0,8.0,2602,13,6.85,0.25,40.0,21.0,1.46,0.77,2018
226,Germany,Bundesliga,(FCA),Alfred Finnbogason,17.0,1.0,1385,10,10.21,0.7,40.0,18.0,2.74,1.23,2018
227,Germany,Bundesliga,(KOL),Ondrej Duda,30.0,2.0,2661,11,5.88,0.21,54.0,20.0,1.93,0.71,2018
228,Germany,Bundesliga,(VIL),Paco Alcacer,11.0,15.0,1312,18,9.39,0.68,52.0,27.0,3.77,1.96,2018
229,Germany,Bundesliga,(CHE),Timo Werner,29.0,1.0,2582,16,15.49,0.57,107.0,39.0,3.94,1.43,2018
230,Germany,Bundesliga,(SCH),Benito Raman,19.0,11.0,1781,10,6.19,0.33,55.0,26.0,2.93,1.39,2018
231,Germany,Bundesliga,(MON),Kevin Volland,32.0,2.0,2945,14,12.4,0.4,87.0,43.0,2.81,1.39,2018
232,Germany,Bundesliga,(WOB),Wout Weghorst,33.0,1.0,3061,17,16.11,0.5,73.0,34.0,2.27,1.06,2018
233,Germany,Bundesliga,(HOF),Ishak Belfodil,20.0,8.0,1965,18,10.14,0.49,88.0,36.0,4.25,1.74,2018
234,Germany,Bundesliga,(DOR),Marco Reus,27.0,0.0,2432,17,13.31,0.52,69.0,33.0,2.7,1.29,2018
235,Germany,Bundesliga,(MAI),Jean-Philippe Mateta,29.0,5.0,2587,14,11.71,0.43,97.0,34.0,3.56,1.25,2018
236,Germany,Bundesliga,(WHU),Sebastien Haller,23.0,6.0,2312,15,12.17,0.5,54.0,26.0,2.22,1.07,2018
237,Germany,Bundesliga,(UNB),Max Kruse,32.0,0.0,2975,11,9.39,0.3,91.0,40.0,2.91,1.28,2018
238,Germany,Bundesliga,(BAY),Robert Lewandowski,33.0,0.0,3090,22,29.27,0.9,144.0,51.0,4.43,1.57,2018
239,Germany,Bundesliga,(RBL),Yussuf Poulsen,27.0,4.0,2556,15,10.76,0.4,65.0,27.0,2.42,1.0,2018
240,France,France Ligue 11,(PSG),Angel Di Maria,28.0,2.0,2418,12,10.44,0.41,97.0,30.0,3.81,1.18,2018
241,France,France Ligue 20,(BOR),Remi Oudin,32.0,5.0,2719,10,7.73,0.27,78.0,24.0,2.73,0.84,2018
242,France,France Ligue 2,(ARS),Nicolas Pepe,37.0,1.0,3533,22,20.08,0.54,118.0,60.0,3.17,1.61,2018
243,France,France Ligue 12,(CAE),Emiliano Sala,16.0,3.0,1434,12,6.19,0.41,36.0,18.0,2.38,1.19,2018
244,France,France Ligue 9,(LIL),Jonathan Bamba,35.0,3.0,3190,13,7.39,0.22,67.0,28.0,2.0,0.83,2018
245,France,France Ligue 15,(REN),M'Baye Niang,19.0,10.0,1911,11,7.44,0.37,64.0,25.0,3.18,1.24,2018
246,France,France Ligue 6,(PSG),Neymar ,16.0,1.0,1517,15,12.62,0.79,54.0,25.0,3.38,1.57,2018
247,France,France Ligue 3,(MNU),Edinson Cavani,20.0,1.0,1747,18,16.73,0.91,52.0,22.0,2.83,1.2,2018
248,France,France Ligue 16,(ANG),Stephane Bahoken,31.0,1.0,2541,11,8.56,0.32,66.0,33.0,2.47,1.23,2018
249,France,France Ligue 14,(SIV),Max Gradel,36.0,0.0,3446,11,14.51,0.4,120.0,42.0,3.31,1.16,2018
250,France,France Ligue 4,(MAR),Florian Thauvin,30.0,3.0,2741,16,11.25,0.39,101.0,35.0,3.5,1.21,2018
251,France,France Ligue 1,(PSG),Kylian Mbappe-Lottin,24.0,5.0,2488,33,31.17,1.19,125.0,70.0,4.77,2.67,2018
252,France,France Ligue 10,(STE),Wahbi Khazri,32.0,0.0,3000,13,10.74,0.34,94.0,36.0,2.98,1.14,2018
253,France,France Ligue 7,(GAL),Falcao ,29.0,4.0,2699,15,14.21,0.5,94.0,41.0,3.31,1.44,2018
254,France,France Ligue 13,(MPE),Gaetan Laborde,36.0,1.0,3115,11,8.53,0.26,86.0,27.0,2.62,0.82,2018
255,France,France Ligue 8,(MPE),Andy Delort,36.0,0.0,3263,14,13.05,0.38,119.0,36.0,3.46,1.05,2018
256,France,France Ligue 5,(LYO),Moussa Dembele,21.0,12.0,2154,15,14.74,0.65,90.0,39.0,3.97,1.72,2018
257,France,France Ligue 19,(LYO),Memphis Depay,29.0,7.0,2900,10,13.43,0.44,110.0,39.0,3.6,1.28,2018
258,France,France Ligue 18,(STR),Lebo Mothiba,21.0,14.0,2154,10,7.03,0.31,36.0,19.0,1.59,0.84,2018
259,France,France Ligue 17,(LOK),Francois Kamano,29.0,8.0,2698,10,9.09,0.32,82.0,33.0,2.89,1.16,2018
260,England,Premier League,(CRY),Luka Milivojevic,38.0,0.0,3651,12,11.15,0.29,57.0,24.0,1.48,0.62,2018
261,England,Premier League,(BOU),Joshua King,34.0,1.0,3143,12,13.56,0.41,72.0,23.0,2.18,0.7,2018
262,England,Premier League,(MNU),Paul Pogba,34.0,1.0,3233,13,15.99,0.47,105.0,49.0,3.09,1.44,2018
263,England,Premier League,(LIV),Mohamed Salah,37.0,1.0,3417,22,20.5,0.57,137.0,63.0,3.81,1.75,2018
264,England,Premier League,(BUR),Ashley Barnes,26.0,11.0,2569,12,13.25,0.49,65.0,30.0,2.4,1.11,2018
265,England,Premier League,(WAT),Glenn Murray,30.0,8.0,2684,13,11.58,0.41,54.0,21.0,1.91,0.74,2018
266,England,Premier League,(EVE),Richarlison ,32.0,3.0,2822,14,11.88,0.4,83.0,28.0,2.79,0.94,2018
267,England,Premier League,(LIV),Sadio Mane,35.0,1.0,3236,22,15.33,0.45,87.0,42.0,2.55,1.23,2018
268,England,Premier League,(NEW),Callum Wilson,29.0,1.0,2714,14,14.57,0.51,65.0,29.0,2.28,1.02,2018
269,England,Premier League,(TOT),Son Heung-Min,23.0,8.0,2152,12,7.02,0.31,74.0,29.0,3.27,1.28,2018
270,England,Premier League,(TOT),Harry Kane,27.0,1.0,2580,17,15.48,0.57,102.0,46.0,3.76,1.69,2018
271,England,Premier League,(MNC),Sergio Aguero,31.0,2.0,2566,21,19.45,0.72,118.0,43.0,4.37,1.59,2018
272,England,Premier League,(RMA),Eden Hazard,32.0,5.0,3115,16,10.82,0.33,93.0,43.0,2.84,1.31,2018
273,England,Premier League,(ARS),Pierre-Emerick Aubameyang,30.0,6.0,2905,22,21.71,0.71,94.0,39.0,3.07,1.28,2018
274,England,Premier League,(EVE),Gylfi Sigurdsson,36.0,2.0,3302,13,11.12,0.32,86.0,33.0,2.47,0.95,2018
275,England,Premier League,(MNC),Raheem Sterling,31.0,3.0,2930,17,14.19,0.46,77.0,38.0,2.5,1.23,2018
276,England,Premier League,(LEI),Jamie Vardy,30.0,4.0,2886,18,17.62,0.58,79.0,38.0,2.6,1.25,2018
277,England,Premier League,(LEI),Ayoze Perez,34.0,3.0,3099,12,7.83,0.24,55.0,27.0,1.69,0.83,2018
278,England,Premier League,(ARS),Alexandre Lacazette,27.0,8.0,2670,14,11.52,0.41,81.0,28.0,2.88,1.0,2018
279,England,Premier League,(WOL),Raul Jimenez,36.0,2.0,3285,13,15.91,0.46,111.0,33.0,3.21,0.95,2018
280,Brazil,Campeonato Brasileiro SÃ©rie A,(LYO),Lucas Paqueta,31.0,1.0,2962,10,9.04,0.29,95.0,40.0,3.05,1.28,2018
281,Brazil,Campeonato Brasileiro SÃ©rie A,(BEN),Everton ,24.0,3.0,2175,9,12.59,0.55,88.0,38.0,3.84,1.66,2018
282,Brazil,Campeonato Brasileiro SÃ©rie A,(COR),Juan Cazares,25.0,6.0,2487,8,5.76,0.22,66.0,18.0,2.52,0.69,2018
283,Brazil,Campeonato Brasileiro SÃ©rie A,(ALA),Deyverson ,11.0,15.0,1367,9,7.63,0.53,41.0,19.0,2.85,1.32,2018
284,Brazil,Campeonato Brasileiro SÃ©rie A,(SAP),Pablo ,30.0,3.0,2808,12,10.94,0.37,64.0,29.0,2.17,0.98,2018
285,Brazil,Campeonato Brasileiro SÃ©rie A,None,Leandro Damiao ,19.0,7.0,3236,10,13.28,0.39,67.0,27.0,1.97,0.79,2018
286,Brazil,Campeonato Brasileiro SÃ©rie A,(VDG),Yago Pikachu,34.0,1.0,3192,10,11.09,0.33,77.0,37.0,2.29,1.1,2018
287,Brazil,Campeonato Brasileiro SÃ©rie A,(RMA),Rodrygo ,30.0,5.0,2850,8,8.1,0.27,52.0,23.0,1.73,0.77,2018
288,Brazil,Campeonato Brasileiro SÃ©rie A,(SJE),Andres Rios,23.0,5.0,2188,7,7.37,0.32,43.0,18.0,1.87,0.78,2018
289,Brazil,Campeonato Brasileiro SÃ©rie A,None,Roger Guedes ,11.0,1.0,1081,9,6.14,0.54,42.0,20.0,3.69,1.76,2018
290,Brazil,Campeonato Brasileiro SÃ©rie A,None,Leandro Pereira ,26.0,8.0,2575,11,10.03,0.37,80.0,33.0,2.95,1.22,2018
291,Brazil,Campeonato Brasileiro SÃ©rie A,(GRE),Diego Souza,32.0,0.0,4177,11,11.43,0.26,51.0,21.0,1.16,0.48,2018
292,Brazil,Campeonato Brasileiro SÃ©rie A,(FLA),Pedro ,19.0,0.0,1689,9,9.07,0.51,56.0,18.0,3.15,1.01,2018
293,Brazil,Campeonato Brasileiro SÃ©rie A,(TIG),Nico Lupez,26.0,9.0,3931,11,8.69,0.21,79.0,33.0,1.91,0.8,2018
294,Brazil,Campeonato Brasileiro SÃ©rie A,(FLU),Nene ,29.0,6.0,2636,8,7.49,0.27,58.0,20.0,2.09,0.72,2018
295,Brazil,Campeonato Brasileiro SÃ©rie A,(CFC),Ricardo Oliveira,35.0,0.0,3231,13,16.67,0.49,92.0,41.0,2.71,1.21,2018
296,Brazil,Campeonato Brasileiro SÃ©rie A,(BAH),Gilberto ,18.0,3.0,1623,8,7.0,0.41,52.0,17.0,3.04,1.0,2018
297,Brazil,Campeonato Brasileiro SÃ©rie A,Bruno,Henrique ,27.0,6.0,2595,9,4.37,0.16,46.0,15.0,1.68,0.55,2018
298,Brazil,Campeonato Brasileiro SÃ©rie A,(PAL),Willian ,21.0,11.0,2153,10,10.2,0.45,66.0,29.0,2.91,1.28,2018
299,Brazil,Campeonato Brasileiro SÃ©rie A,(FLA),Gabriel Barbosa,34.0,1.0,3140,18,19.17,0.58,94.0,40.0,2.84,1.21,2018
300,USA,MLS,(LAF),Diego Rossi,35.0,1.0,3277,17,12.07,0.35,113.0,50.0,3.28,1.45,2019
301,USA,MLS,(ATA),Josef Martinez,32.0,0.0,3050,28,25.04,0.78,128.0,52.0,3.99,1.62,2019
302,USA,MLS,(ACM),Zlatan Ibrahimovic,31.0,0.0,2998,31,22.72,0.72,159.0,67.0,5.04,2.12,2019
303,USA,MLS,(SJE),Chris Wondolowski,24.0,8.0,2169,15,14.61,0.64,79.0,33.0,3.46,1.45,2019
304,USA,MLS,(ORL),Nani ,26.0,4.0,2464,12,8.82,0.34,64.0,25.0,2.47,0.96,2019
305,USA,MLS,(PHI),Kacper Przybylko,25.0,1.0,2420,15,12.23,0.48,81.0,37.0,3.18,1.45,2019
306,USA,MLS,(MIN),Kei Kamara,29.0,0.0,2740,14,17.59,0.61,94.0,44.0,3.26,1.53,2019
307,USA,MLS,(CHF),C.J. Sapong,29.0,3.0,2734,13,11.22,0.39,63.0,25.0,2.19,0.87,2019
308,USA,MLS,(CCR),Gyasi Zardes,28.0,0.0,2657,13,15.1,0.54,62.0,26.0,2.22,0.93,2019
309,USA,MLS,(NYC),Heber ,18.0,5.0,1742,15,11.37,0.62,56.0,26.0,3.05,1.42,2019
310,USA,MLS,(HDY),Mauro Manotas,28.0,4.0,2717,13,14.01,0.49,92.0,29.0,3.22,1.01,2019
311,USA,MLS,(COL),Brian Fernandez,16.0,3.0,1555,11,8.18,0.5,69.0,30.0,4.22,1.83,2019
312,USA,MLS,(TOR),Alejandro Pozuelo,32.0,2.0,3104,14,9.8,0.3,84.0,38.0,2.57,1.16,2019
313,USA,MLS,(SKC),Felipe Gutierrez,31.0,1.0,2905,12,9.48,0.31,65.0,28.0,2.13,0.92,2019
314,USA,MLS,(SOU),Jordan Morris,28.0,2.0,2521,13,9.55,0.36,48.0,24.0,1.81,0.9,2019
315,USA,MLS,(SOU),Raul Ruidiaz,24.0,2.0,2346,15,15.31,0.62,96.0,37.0,3.89,1.5,2019
316,USA,MLS,(TOR),Jozy Altidore,18.0,5.0,1834,12,8.69,0.45,51.0,25.0,2.64,1.29,2019
317,USA,MLS,(LAF),Carlos Vela,33.0,0.0,3128,36,25.35,0.77,167.0,75.0,5.07,2.28,2019
318,USA,MLS,(VID),Nemanja Nikolic,25.0,6.0,2118,12,14.05,0.63,48.0,22.0,2.15,0.99,2019
319,USA,MLS,(NYC FC),Alexandru Mitrita,25.0,5.0,2398,12,7.07,0.28,96.0,34.0,3.8,1.35,2019
320,Spain,La Liga,(ATL),Luis Suarez,22.0,6.0,2126,16,14.32,0.64,79.0,42.0,3.53,1.88,2019
321,Spain,La Liga,(RMA),Karim Benzema,36.0,1.0,3207,21,21.61,0.64,124.0,59.0,3.67,1.75,2019
322,Spain,La Liga,(ALA),Joselu,31.0,5.0,2990,11,13.22,0.42,87.0,30.0,2.76,0.95,2019
323,Spain,La Liga,(SEV),Carlos Fernandez,21.0,13.0,2428,10,10.48,0.41,47.0,19.0,1.84,0.74,2019
324,Spain,La Liga,(OSA),Ante Budimir,33.0,2.0,2923,13,12.31,0.4,56.0,22.0,1.82,0.72,2019
325,Spain,La Liga,(SOC),Mikel Oyarzabal,36.0,1.0,3247,10,8.89,0.26,62.0,22.0,1.81,0.64,2019
326,Spain,La Liga,(SOC),Willian Jose,24.0,13.0,2171,11,13.03,0.57,59.0,19.0,2.58,0.83,2019
327,Spain,La Liga,(VIL),Gerard Moreno,33.0,2.0,2831,18,16.09,0.54,89.0,34.0,2.99,1.14,2019
328,Spain,La Liga,(ALA),Lucas Perez,29.0,5.0,2673,11,11.25,0.4,48.0,18.0,1.71,0.64,2019
329,Spain,La Liga,(BET),Loren Moron,21.0,15.0,2222,10,9.12,0.39,52.0,18.0,2.22,0.77,2019
330,Spain,La Liga,(BIL),Raul Garcla,33.0,2.0,3034,15,12.77,0.4,81.0,33.0,2.54,1.03,2019
331,Spain,La Liga,(JUV),Morata ,25.0,9.0,2248,12,17.27,0.73,69.0,30.0,2.92,1.27,2019
332,Spain,La Liga,(GET),Angel Rodriguez,9.0,23.0,1611,10,8.14,0.48,53.0,23.0,3.13,1.36,2019
333,Spain,La Liga,(BAR),Lionel Messi,32.0,1.0,3067,25,21.63,0.67,159.0,68.0,4.93,2.11,2019
334,Spain,La Liga,(RMA),Sergio Ramos,35.0,0.0,3100,11,11.09,0.34,39.0,17.0,1.2,0.52,2019
335,Spain,La Liga,(SEV),Lucas Ocampos,31.0,2.0,2929,14,13.26,0.43,84.0,36.0,2.72,1.17,2019
336,Spain,La Liga,Santi,Cazorla ,29.0,6.0,2513,11,8.73,0.33,49.0,24.0,1.85,0.91,2019
337,Spain,La Liga,(LEV),Roger ,26.0,10.0,2436,11,11.54,0.45,57.0,24.0,2.22,0.94,2019
338,Spain,La Liga,(GET),Jaime Mata,33.0,1.0,2923,11,12.0,0.39,58.0,23.0,1.89,0.75,2019
339,Spain,La Liga,(CEL),Iago Aspas,37.0,0.0,3474,14,15.72,0.43,84.0,39.0,2.3,1.07,2019
340,Portugal ,Primeira Liga,(LIS),Pote ,7.0,0.0,631,9,2.99,0.45,21.0,13.0,3.16,1.96,2019
341,Portugal ,Primeira Liga,None,Tiquinho Soares,20.0,10.0,1867,10,9.43,0.48,55.0,21.0,2.8,1.07,2019
342,Portugal ,Primeira Liga,(FAR),Eduardo Mancha,4.0,0.0,396,2,0.96,0.23,5.0,2.0,1.2,0.48,2019
343,Portugal ,Primeira Liga,(BRA),Paulinho ,27.0,2.0,2451,17,14.96,0.58,89.0,38.0,3.45,1.47,2019
344,Portugal ,Primeira Liga,None,Alex Telles,28.0,3.0,2732,11,8.05,0.28,39.0,17.0,1.36,0.59,2019
345,Portugal ,Primeira Liga,(BRA),Bruno Viana,8.0,0.0,780,2,1.31,0.16,7.0,2.0,0.85,0.24,2019
346,Portugal ,Primeira Liga,(AVE),Mehrdad Mohammadi,27.0,1.0,2495,8,7.35,0.28,56.0,19.0,2.13,0.72,2019
347,Portugal ,Primeira Liga,(FAM),Carlos Valenzuela,7.0,1.0,575,2,1.03,0.17,10.0,3.0,1.65,0.5,2019
348,Portugal ,Primeira Liga,(FAM),Ruben Lameiras,7.0,0.0,624,4,3.42,0.52,15.0,9.0,2.28,1.37,2019
349,Portugal ,Primeira Liga,(POR),Moussa Marega,27.0,2.0,2471,12,7.28,0.28,58.0,33.0,2.23,1.27,2019
350,Portugal ,Primeira Liga,(BEN),Gian-Luca Waldschmidt,7.0,1.0,605,4,3.57,0.56,15.0,6.0,2.36,0.94,2019
351,Portugal ,Primeira Liga,(GIL),Samuel Lino,6.0,1.0,591,3,2.18,0.35,16.0,5.0,2.57,0.8,2019
352,Portugal ,Primeira Liga,(VGU),Andre Andre,8.0,0.0,645,2,1.7,0.25,7.0,2.0,1.03,0.29,2019
353,Portugal ,Primeira Liga,(POR),Mehdi Taremi,26.0,4.0,2537,18,16.82,0.63,74.0,30.0,2.77,1.12,2019
354,Portugal ,Primeira Liga,(TOT),Carlos Vinicius,19.0,13.0,1928,18,12.38,0.61,66.0,27.0,3.25,1.33,2019
355,Portugal ,Primeira Liga,(POR),Sergio Oliveira,7.0,1.0,642,4,2.09,0.31,17.0,8.0,2.52,1.18,2019
356,Portugal ,Primeira Liga,(FER),Douglas Tanque,23.0,6.0,2054,11,7.57,0.35,72.0,24.0,3.33,1.11,2019
357,Portugal ,Primeira Liga,None,Fabio Abreu,27.0,7.0,2570,13,11.09,0.41,53.0,23.0,1.96,0.85,2019
358,Portugal ,Primeira Liga,(NAC),Brayan Riascos,8.0,0.0,736,3,2.17,0.28,26.0,11.0,3.36,1.42,2019
359,Portugal ,Primeira Liga,None,Alex Telles ,3.0,0.0,280,2,2.36,0.8,9.0,5.0,3.05,1.7,2019
360,Portugal ,Primeira Liga,None,Fabio Martins,29.0,0.0,2633,12,9.15,0.33,69.0,36.0,2.49,1.3,2019
361,Portugal ,Primeira Liga,(BEN),Haris  Seferovic,2.0,5.0,337,6,3.33,0.94,12.0,7.0,3.38,1.97,2019
362,Portugal ,Primeira Liga,(FER),Douglas Tanque,7.0,0.0,644,2,2.51,0.37,25.0,9.0,3.69,1.33,2019
363,Portugal ,Primeira Liga,(FEY),Joao Teixeira,14.0,7.0,1416,8,3.58,0.24,34.0,14.0,2.28,0.94,2019
364,Portugal ,Primeira Liga,(MNU),Bruno Fernandes,17.0,0.0,1656,8,5.58,0.32,60.0,23.0,3.44,1.32,2019
365,Portugal ,Primeira Liga,(BOA),Angel Gomes,6.0,0.0,530,3,1.12,0.2,12.0,3.0,2.15,0.54,2019
366,Portugal ,Primeira Liga,(POR),Toni MartÃ­nez,27.0,5.0,2312,10,10.46,0.43,74.0,29.0,3.04,1.19,2019
367,Portugal ,Primeira Liga,(BEN),Pizzi ,33.0,1.0,2981,18,15.69,0.5,83.0,39.0,2.65,1.24,2019
368,Portugal ,Primeira Liga,(MIJ),Bozhidar Kraev,28.0,4.0,2399,8,4.55,0.18,46.0,19.0,1.82,0.75,2019
369,Portugal ,Primeira Liga,None,Sandro Lima,29.0,3.0,2747,10,10.12,0.35,66.0,31.0,2.28,1.07,2019
370,Portugal ,Primeira Liga,(MAR),Rodrigo Pinho,18.0,9.0,1732,9,6.56,0.36,48.0,22.0,2.63,1.21,2019
371,Portugal ,Primeira Liga,(MAR),Rodrigo Pinho,7.0,1.0,646,6,3.06,0.45,17.0,8.0,2.5,1.18,2019
372,Portugal ,Primeira Liga,(SAN),Thiago Santana,8.0,0.0,714,6,3.31,0.44,24.0,12.0,3.19,1.6,2019
373,Portugal ,Primeira Liga,(BEN),Everton ,8.0,0.0,622,2,1.05,0.16,11.0,7.0,1.68,1.07,2019
374,Portugal ,Primeira Liga,(BAR),Trincao ,17.0,10.0,1749,8,4.6,0.25,47.0,19.0,2.55,1.03,2019
375,Portugal ,Primeira Liga,(LIS),Andraz Sporar,3.0,4.0,356,2,3.41,0.91,14.0,7.0,3.74,1.87,2019
376,Portugal ,Primeira Liga,(BRA),Ricardo Horta,31.0,2.0,2750,12,8.97,0.31,93.0,37.0,3.21,1.28,2019
377,Portugal ,Primeira Liga,(VGU),Bruno Duarte,6.0,1.0,509,2,1.77,0.33,13.0,3.0,2.43,0.56,2019
378,Portugal ,Primeira Liga,(LIS),Nuno Santos,6.0,2.0,567,3,1.55,0.26,10.0,5.0,1.68,0.84,2019
379,Portugal ,Primeira Liga,(VGU),Bruno Duarte,18.0,6.0,1684,8,5.5,0.31,42.0,16.0,2.37,0.9,2019
380,Italy,Serie A,(NAP),Arkadiusz Milik,19.0,7.0,1870,11,9.45,0.48,68.0,29.0,3.45,1.47,2019
381,Italy,Serie A,(INT),Romelu Lukaku,33.0,3.0,3156,23,18.94,0.57,99.0,47.0,2.98,1.41,2019
382,Italy,Serie A,(Sassuolo ),Francesco Caputo,33.0,3.0,3125,21,13.82,0.42,73.0,35.0,2.22,1.06,2019
383,Italy,Serie A,(ROM),Edin Dzeko,31.0,4.0,3075,16,19.74,0.61,122.0,46.0,3.77,1.42,2019
384,Italy,Serie A,(NAP),Andrea Petagna,33.0,3.0,3263,12,13.74,0.4,110.0,33.0,3.2,0.96,2019
385,Italy,Serie A,(JUV),Cristiano Ronaldo,33.0,0.0,3127,31,27.32,0.83,208.0,79.0,6.32,2.4,2019
386,Italy,Serie A,(SAS),Domenico Berardi,29.0,2.0,2654,14,10.9,0.39,120.0,46.0,4.3,1.65,2019
387,Italy,Serie A,(CAG),Joao Pedro,35.0,1.0,3394,18,13.93,0.39,87.0,37.0,2.44,1.04,2019
388,Italy,Serie A,(ATA),Josip Ilicic,21.0,5.0,1786,15,9.78,0.52,81.0,36.0,4.31,1.91,2019
389,Italy,Serie A,None,Andreas Cornelius,17.0,9.0,1637,12,6.38,0.37,46.0,20.0,2.67,1.16,2019
390,Italy,Serie A,(CAG),Giovanni Simeone,34.0,3.0,3115,12,11.8,0.36,87.0,30.0,2.65,0.91,2019
391,Italy,Serie A,(LAZ),Ciro Immobile,36.0,1.0,3371,36,26.61,0.75,142.0,71.0,4.0,2.0,2019
392,Italy,Serie A,(LEC),Marco Mancosu,28.0,5.0,2627,14,15.21,0.55,84.0,31.0,3.04,1.12,2019
393,Italy,Serie A,(ATA),Duvan Zapata,25.0,3.0,2143,18,15.11,0.67,89.0,37.0,3.95,1.64,2019
394,Italy,Serie A,(INT),Lautaro Martrinez,29.0,6.0,2581,14,14.4,0.53,125.0,44.0,4.6,1.62,2019
395,Italy,Serie A,(ATA),Luis Muriel,10.0,23.0,1370,18,12.4,0.86,77.0,41.0,5.34,2.84,2019
396,Italy,Serie A,(SAM),Fabio Quagliarella,26.0,2.0,2413,11,13.72,0.54,102.0,35.0,4.02,1.38,2019
397,Italy,Serie A,(BEN),Gianluca Lapadula,20.0,5.0,1906,11,9.43,0.47,61.0,24.0,3.04,1.2,2019
398,Italy,Serie A,(ACM),Ante Rebic,15.0,11.0,1514,11,6.85,0.43,42.0,20.0,2.64,1.25,2019
399,Italy,Serie A,(TOR),Andrea Belotti,34.0,2.0,3214,16,16.58,0.49,104.0,41.0,3.07,1.21,2019
400,Germany,Bundesliga,(DOR),Jadon Sancho,25.0,7.0,2387,17,9.8,0.39,52.0,28.0,2.07,1.11,2019
401,Germany,Bundesliga,(CHE),Timo Werner,33.0,1.0,2744,28,20.8,0.72,123.0,63.0,4.26,2.18,2019
402,Germany,Bundesliga,(WOB),Wout Weghorst,30.0,2.0,2893,16,18.27,0.6,85.0,38.0,2.79,1.25,2019
403,Germany,Bundesliga,(HOF),Andrej Kramaric,14.0,5.0,1502,12,9.33,0.59,43.0,23.0,2.72,1.45,2019
404,Germany,Bundesliga,(DOR),Marco Reus,18.0,1.0,1561,11,8.54,0.52,47.0,24.0,2.86,1.46,2019
405,Germany,Bundesliga,(CHE),Kai Havertz,29.0,1.0,2586,12,9.53,0.35,59.0,26.0,2.17,0.96,2019
406,Germany,Bundesliga,(BMG),Marcus Thuram,28.0,3.0,2296,10,10.15,0.42,56.0,36.0,2.32,1.49,2019
407,Germany,Bundesliga,(DUS),Rouwen Hennings,27.0,5.0,2592,15,10.91,0.4,73.0,27.0,2.68,0.99,2019
408,Germany,Bundesliga,(BAY),Robert Lewandowski,31.0,0.0,2783,34,31.05,1.06,138.0,67.0,4.71,2.29,2019
409,Germany,Bundesliga,(FRA),Andre Silva,16.0,9.0,1694,12,10.7,0.6,55.0,21.0,3.08,1.18,2019
410,Germany,Bundesliga,(FCA),Florian Niederlechner,31.0,2.0,2846,13,13.18,0.44,78.0,40.0,2.6,1.34,2019
411,Germany,Bundesliga,(DOR),Erling Haaland,11.0,4.0,1116,12,7.64,0.65,34.0,19.0,2.89,1.62,2019
412,Germany,Bundesliga,(BSC),Jhon Cordoba,23.0,6.0,2108,13,8.88,0.4,61.0,25.0,2.75,1.13,2019
413,Germany,Bundesliga,(MON),Kevin Volland,24.0,3.0,2159,10,11.59,0.51,78.0,32.0,3.43,1.41,2019
414,Germany,Bundesliga,(SCF),Nils Petersen,24.0,10.0,2595,11,8.47,0.31,55.0,19.0,2.01,0.7,2019
415,Germany,Bundesliga,(BMG),Lars Stindl,14.0,11.0,1518,9,7.19,0.45,33.0,15.0,2.07,0.94,2019
416,Germany,Bundesliga,(MAI),Robin Quaison,31.0,1.0,2718,13,12.02,0.42,71.0,28.0,2.48,0.98,2019
417,Germany,Bundesliga,(BAY),Serge Gnabry,26.0,5.0,2216,12,13.3,0.57,95.0,40.0,4.07,1.71,2019
418,Germany,Bundesliga,(KOL),Sebastian Andersson,31.0,2.0,2813,12,13.62,0.46,65.0,37.0,2.2,1.25,2019
419,Germany,Bundesliga,(BMG),Alassane Plea,25.0,2.0,2252,10,11.62,0.49,77.0,35.0,3.25,1.48,2019
420,France,France Ligue 7,(PSG),Neymar ,15.0,0.0,1396,12,15.87,1.08,71.0,36.0,4.83,2.45,2019
421,France,France Ligue 13,(MAR),Dimitri Payet,22.0,0.0,2057,9,5.85,0.27,63.0,26.0,2.91,1.2,2019
422,France,France Ligue 6,(PSG),Mauro Icardi,14.0,6.0,1353,12,12.11,0.85,36.0,20.0,2.53,1.4,2019
423,France,France Ligue 15,(LYO),Memphis Depay,12.0,1.0,1077,9,4.53,0.4,48.0,21.0,4.23,1.85,2019
424,France,France Ligue 9,(NIC),Kasper Dolberg,22.0,1.0,1994,11,7.77,0.37,42.0,25.0,2.0,1.19,2019
425,France,France Ligue 11,(REN),M'Baye Niang,24.0,2.0,2276,10,8.15,0.34,66.0,30.0,2.75,1.25,2019
426,France,France Ligue 20,(STR),Adrien Thomasson,24.0,1.0,2168,7,5.25,0.23,50.0,18.0,2.19,0.79,2019
427,France,France Ligue 12,(MPE),Andy Delort,26.0,0.0,2409,9,10.9,0.43,84.0,29.0,3.31,1.14,2019
428,France,France Ligue 8,(MAR),Dario Benedetto,25.0,1.0,2214,11,8.86,0.38,61.0,27.0,2.62,1.16,2019
429,France,France Ligue 2,(MON),Wissam Ben Yedder,25.0,1.0,2321,18,12.95,0.53,64.0,36.0,2.62,1.47,2019
430,France,France Ligue 19,(STR),Ludovic Ajorque,24.0,2.0,2163,8,6.6,0.29,50.0,22.0,2.2,0.97,2019
431,France,France Ligue 14,(LEI),Islam Slimani,14.0,4.0,1378,9,8.7,0.6,53.0,20.0,3.65,1.38,2019
432,France,France Ligue 17,(REN),Adrien Hunou,13.0,10.0,1325,8,7.25,0.52,28.0,15.0,2.01,1.08,2019
433,France,France Ligue 10,(STE),Denis Bouanga,23.0,3.0,2173,10,9.38,0.41,78.0,37.0,3.41,1.62,2019
434,France,France Ligue 16,(REN),Sehrou Guirassy,23.0,0.0,2030,9,8.55,0.4,45.0,19.0,2.11,0.89,2019
435,France,France Ligue 18,(PSG),Ãngel Di Maria,23.0,3.0,2106,8,9.98,0.45,74.0,24.0,3.34,1.08,2019
436,France,France Ligue 3,(LYO),Moussa Dembele,24.0,3.0,2358,16,11.42,0.46,56.0,26.0,2.26,1.05,2019
437,France,France Ligue 5,(STR),Habib Diallo,26.0,0.0,2344,12,9.13,0.37,83.0,34.0,3.36,1.38,2019
438,France,France Ligue 1,(PSG),Kylian Mbappe-Lottin,17.0,3.0,1611,18,17.98,1.06,87.0,49.0,5.13,2.89,2019
439,France,France Ligue 4,(NAP),Victor Osimhen,25.0,2.0,2434,13,14.86,0.58,86.0,35.0,3.36,1.37,2019
440,England,Premier League,(EVE),Dominic Calvert-Lewin,30.0,6.0,2849,13,16.19,0.54,85.0,38.0,2.83,1.27,2019
441,England,Premier League,(WOL),Raul Jimenez,37.0,1.0,3445,17,18.49,0.51,118.0,43.0,3.25,1.19,2019
442,England,Premier League,(MNC),Kevin De Bruyne,32.0,3.0,2984,13,7.22,0.23,99.0,31.0,3.15,0.99,2019
443,England,Premier League,(LEI),Jamie Vardy,34.0,1.0,3271,23,19.28,0.56,89.0,42.0,2.58,1.22,2019
444,England,Premier League,(MNC),Raheem Sterling,30.0,3.0,2836,20,20.3,0.68,99.0,38.0,3.32,1.27,2019
445,England,Premier League,(LIV),Sadio Mane,31.0,4.0,2933,18,14.51,0.47,77.0,36.0,2.49,1.17,2019
446,England,Premier League,(BUR),Chris Wood,29.0,3.0,2616,14,17.07,0.62,65.0,29.0,2.36,1.05,2019
447,England,Premier League,(MNU),Anthony Martial,31.0,1.0,2788,17,11.74,0.4,80.0,39.0,2.73,1.33,2019
448,England,Premier League,(MNC),Riyad Mahrez,21.0,12.0,2130,11,7.62,0.34,74.0,31.0,3.3,1.38,2019
449,England,Premier League,(TOT),Son Heung-Min,28.0,2.0,2663,11,9.25,0.33,81.0,38.0,2.89,1.36,2019
450,England,Premier League,(MNU),Marcus Rashford,31.0,0.0,2826,17,19.93,0.67,95.0,44.0,3.19,1.48,2019
451,England,Premier League,(LIV),Mohamed Salah,33.0,1.0,3045,19,20.51,0.64,132.0,59.0,4.12,1.84,2019
452,England,Premier League,(MNC),Gabriel Jesus,21.0,13.0,2209,14,20.69,0.89,101.0,46.0,4.34,1.98,2019
453,England,Premier League,(SOU),Danny Ings,32.0,6.0,3009,22,16.79,0.53,93.0,37.0,2.94,1.17,2019
454,England,Premier League,(ARS),Pierre-Emerick Aubameyang,35.0,1.0,3392,22,16.07,0.45,93.0,42.0,2.6,1.18,2019
455,England,Premier League,(TOT),Harry Kane,29.0,0.0,2801,18,12.97,0.44,81.0,37.0,2.75,1.25,2019
456,England,Premier League,(EVE),Richarlison  ,36.0,0.0,3289,13,10.73,0.31,90.0,32.0,2.6,0.92,2019
457,England,Premier League,(NOR),Teemu Pukki,33.0,3.0,3087,11,11.37,0.35,80.0,35.0,2.46,1.08,2019
458,England,Premier League,(CHE),Tammy Abraham,25.0,9.0,2380,15,19.29,0.77,88.0,35.0,3.51,1.4,2019
459,England,Premier League,(MNC),Sergio Aguero,18.0,6.0,1566,16,15.5,0.94,76.0,27.0,4.61,1.64,2019
460,Brazil,Campeonato Brasileiro SÃ©rie A,None,Dudu ,34.0,2.0,3313,9,9.42,0.27,95.0,38.0,2.72,1.09,2019
461,Brazil,Campeonato Brasileiro SÃ©rie A,(INT),Thiago Galhardo,31.0,3.0,2901,12,14.35,0.47,80.0,32.0,2.62,1.05,2019
462,Brazil,Campeonato Brasileiro SÃ©rie A,(INT),Paolo Guerrero,23.0,1.0,2193,10,10.85,0.47,81.0,33.0,3.51,1.43,2019
463,Brazil,Campeonato Brasileiro SÃ©rie A,(GRE),Pepe,14.0,18.0,1836,8,8.7,0.45,46.0,16.0,2.38,0.83,2019
464,Brazil,Campeonato Brasileiro SÃ©rie A,Bruno,Henrique ,33.0,1.0,3149,10,4.97,0.15,58.0,22.0,1.75,0.66,2019
465,Brazil,Campeonato Brasileiro SÃ©rie A,(FLA),Giorgian de Arrascaeta,22.0,1.0,1929,12,9.34,0.46,47.0,19.0,2.31,0.94,2019
466,Brazil,Campeonato Brasileiro SÃ©rie A,(SAN),Marinho ,18.0,11.0,1917,8,6.66,0.33,73.0,26.0,3.62,1.29,2019
467,Brazil,Campeonato Brasileiro SÃ©rie A,(BEN),Everton ,23.0,7.0,2498,11,9.2,0.35,83.0,32.0,3.16,1.22,2019
468,Brazil,Campeonato Brasileiro SÃ©rie A,(BAH),Gilberto ,27.0,5.0,2524,14,15.94,0.6,80.0,31.0,3.01,1.17,2019
469,Brazil,Campeonato Brasileiro SÃ©rie A,(FLA),Michael ,35.0,0.0,3180,10,9.37,0.28,80.0,32.0,2.39,0.96,2019
470,Brazil,Campeonato Brasileiro SÃ©rie A,(SAN),Carlos Sanchez,27.0,7.0,2648,12,11.99,0.43,85.0,29.0,3.05,1.04,2019
471,Brazil,Campeonato Brasileiro SÃ©rie A,None,Everaldo ,33.0,0.0,3233,14,13.27,0.39,116.0,39.0,3.41,1.15,2019
472,Brazil,Campeonato Brasileiro SÃ©rie A,(RBB),Artur ,32.0,0.0,3049,7,5.78,0.18,64.0,19.0,1.99,0.59,2019
473,Brazil,Campeonato Brasileiro SÃ©rie A,(FLA),Gabriel Barbosa,29.0,0.0,2716,25,24.59,0.86,117.0,62.0,4.09,2.17,2019
474,Brazil,Campeonato Brasileiro SÃ©rie A,(FOR),Wellington Paulista,28.0,3.0,2650,13,13.67,0.49,66.0,29.0,2.37,1.04,2019
475,Brazil,Campeonato Brasileiro SÃ©rie A,(FLA),Bruno Henrique,29.0,4.0,2822,21,21.09,0.71,98.0,46.0,3.3,1.55,2019
476,Brazil,Campeonato Brasileiro SÃ©rie A,(chongqing dangdai lifan f.c),Marcelo  Cirino,19.0,10.0,2062,9,9.33,0.43,51.0,17.0,2.35,0.78,2019
477,Brazil,Campeonato Brasileiro SÃ©rie A,(SAN),Yeferson Soteldo,31.0,1.0,2883,9,8.8,0.29,68.0,26.0,2.24,0.86,2019
478,Brazil,Campeonato Brasileiro SÃ©rie A,(CAM),Eduardo Sasha,34.0,3.0,3181,14,14.06,0.42,77.0,36.0,2.3,1.08,2019
479,Brazil,Campeonato Brasileiro SÃ©rie A,(GOI),Rafael Moura,19.0,4.0,1661,9,8.22,0.47,48.0,14.0,2.75,0.8,2019
480, Netherlands,Eredivisie,(AJA),Antony None,8.0,1.0,575,4,1.63,0.27,20.0,8.0,3.3,1.32,2019
481, Netherlands,Eredivisie,(AJA),Quincy Promes,4.0,6.0,574,4,2.9,0.48,22.0,10.0,3.64,1.66,2019
482, Netherlands,Eredivisie,(AJA),Dusan Tadic,9.0,1.0,719,7,4.24,0.56,20.0,13.0,2.64,1.72,2019
483, Netherlands,Eredivisie,(VIT),Armando Broja,6.0,4.0,569,5,2.52,0.42,12.0,6.0,2.0,1.0,2019
484, Netherlands,Eredivisie,(FEY),Steven Berghuis,10.0,0.0,896,9,8.77,0.93,39.0,21.0,4.14,2.23,2019
485, Netherlands,Eredivisie,(EMM),Michael de Leeuw,8.0,0.0,723,5,2.89,0.38,15.0,7.0,1.97,0.92,2019
486, Netherlands,Eredivisie,(VIT),Lois Openda,10.0,0.0,775,5,2.94,0.36,28.0,9.0,3.43,1.1,2019
487, Netherlands,Eredivisie,(TWE),Danilo Nome,10.0,0.0,827,9,7.05,0.81,31.0,16.0,3.56,1.84,2019
488, Netherlands,Eredivisie,(SPR),Lennart Thy,10.0,0.0,768,6,4.37,0.54,20.0,11.0,2.47,1.36,2019
489, Netherlands,Eredivisie,(PSV),Donyell Malen,7.0,3.0,725,6,6.11,0.8,32.0,17.0,4.19,2.23,2019
490, Netherlands,Eredivisie,(PSV),Noni Madueke,3.0,7.0,524,4,2.87,0.52,17.0,7.0,3.08,1.27,2019
491, Netherlands,Eredivisie,(AJA),Davy Klaassen,6.0,0.0,490,5,4.02,0.78,13.0,8.0,2.52,1.55,2019
492, Netherlands,Eredivisie,(VIT),Oussama Tannane,8.0,0.0,680,4,2.65,0.37,40.0,9.0,5.59,1.26,2019
493, Netherlands,Eredivisie,(TWE),Vaclav Cerny,10.0,0.0,824,4,1.39,0.16,21.0,12.0,2.42,1.38,2019
494, Netherlands,Eredivisie,(WIL),Vangelis Pavlidis,10.0,0.0,927,4,2.83,0.29,26.0,15.0,2.66,1.54,2019
495, Netherlands,Eredivisie,(HEE),Henk Veerman,10.0,0.0,916,8,4.44,0.46,32.0,14.0,3.32,1.45,2019
496, Netherlands,Eredivisie,(SPR),Abdou Harroui,10.0,0.0,834,4,1.93,0.22,24.0,13.0,2.73,1.48,2019
497, Netherlands,Eredivisie,(HER),Rai Vloet,10.0,0.0,853,7,4.49,0.5,21.0,9.0,2.34,1.0,2019
498, Netherlands,Eredivisie,(AJA),Lassina Traore,6.0,4.0,506,7,4.21,0.79,18.0,8.0,3.38,1.5,2019
499, Netherlands,Eredivisie,(VVV),Georgios Giakoumakis,10.0,0.0,911,9,7.19,0.75,35.0,14.0,3.65,1.46,2019
500,USA,MLS,(TOR),Alex Pozuelo,24.0,0.0,2247,9,8.28,0.35,57.0,25.0,2.41,1.06,2020
501,USA,MLS,(MIN),Kevin Molino,16.0,3.0,1430,11,6.32,0.42,43.0,20.0,2.86,1.33,2020
502,USA,MLS,(RSL),Damir Kreilach,20.0,1.0,1872,8,6.11,0.31,48.0,19.0,2.44,0.96,2020
503,USA,MLS,(LAF),Bradley Wright-Phillips,15.0,4.0,1190,8,5.89,0.47,33.0,15.0,2.63,1.2,2020
504,USA,MLS,(LAF),Diego Rossi,19.0,0.0,1816,14,11.85,0.62,71.0,34.0,3.71,1.78,2020
505,USA,MLS,(SOU),Nicolas Lodeiro,21.0,0.0,2014,8,6.36,0.3,43.0,19.0,2.03,0.9,2020
506,USA,MLS,(SOU),Raul Ruidiaz,18.0,0.0,1626,14,8.56,0.5,58.0,24.0,3.39,1.4,2020
507,USA,MLS,(ORL),Daryl Dike,17.0,2.0,1482,8,3.74,0.24,33.0,13.0,2.12,0.83,2020
508,USA,MLS,(CCR),Gyasi Zardes,22.0,1.0,2034,14,11.99,0.56,50.0,25.0,2.34,1.17,2020
509,USA,MLS,(LAG),Cristian Pavon,22.0,0.0,2106,10,5.99,0.27,63.0,25.0,2.84,1.13,2020
510,USA,MLS,(ORL),Chris Mueller,19.0,5.0,1726,10,6.0,0.33,38.0,20.0,2.09,1.1,2020
511,USA,MLS,(MON),Romell Quioto,18.0,2.0,1676,9,5.82,0.33,54.0,23.0,3.06,1.3,2020
512,USA,MLS,(SOU),Jordan Morris,19.0,4.0,1927,11,8.32,0.41,43.0,19.0,2.12,0.94,2020
513,USA,MLS,(PHI),Kacper Przybylko,24.0,0.0,2216,8,8.63,0.37,56.0,27.0,2.4,1.16,2020
514,USA,MLS,(NER),Gustavo Bou,17.0,4.0,1701,8,6.8,0.38,81.0,28.0,4.52,1.56,2020
515,USA,MLS,(CHF),Robert Beric,22.0,1.0,2063,13,9.99,0.46,62.0,28.0,2.86,1.29,2020
516,USA,MLS,(TOR),Ayo Akinola,11.0,5.0,1195,9,7.3,0.58,37.0,19.0,2.94,1.51,2020
517,USA,MLS,(POR),Jeremy Ebobisse,11.0,8.0,1189,8,3.63,0.29,33.0,15.0,2.64,1.2,2020
518,USA,MLS,(POR),Diego Valeri,19.0,4.0,1864,8,5.3,0.27,44.0,17.0,2.24,0.87,2020
519,USA,MLS,(SJE),Chris Wondolowski,14.0,9.0,1509,8,7.31,0.46,35.0,20.0,2.2,1.26,2020
520,Spain,La Liga,(SEV),Youssef   En-Nesyri,5.0,4.0,465,4,3.33,0.68,14.0,4.0,2.86,0.82,2020
521,Spain,La Liga,(SOC),Portu ,6.0,5.0,691,4,1.53,0.21,6.0,4.0,0.82,0.55,2020
522,Spain,La Liga,(RMA),Karim Benzema,8.0,0.0,741,4,4.91,0.63,27.0,12.0,3.46,1.54,2020
523,Spain,La Liga,(VAL),Carlos Soler,6.0,1.0,599,4,3.34,0.53,8.0,5.0,1.27,0.79,2020
524,Spain,La Liga,(BET),Cristian Tello,7.0,4.0,629,4,1.92,0.29,22.0,8.0,3.32,1.21,2020
525,Spain,La Liga,(SOC),Mikel Oyarzabal,9.0,2.0,736,7,6.82,0.88,31.0,16.0,4.0,2.07,2020
526,Spain,La Liga,(EIB),Esteban Burgos,6.0,1.0,589,3,2.85,0.46,5.0,4.0,0.81,0.65,2020
527,Spain,La Liga,(ALA),Lucas Perez,7.0,2.0,637,3,4.36,0.65,13.0,6.0,1.94,0.89,2020
528,Spain,La Liga,(BAR),Lionel Messi,8.0,1.0,824,4,5.46,0.63,39.0,19.0,4.5,2.19,2020
529,Spain,La Liga,(ATL),Joao Felix,6.0,3.0,641,5,3.85,0.57,21.0,6.0,3.11,0.89,2020
530,Spain,La Liga,(ATL),Luis Suarez,5.0,1.0,387,5,3.3,0.81,22.0,8.0,5.4,1.96,2020
531,Spain,La Liga,(VIL),Paco Alcacer,9.0,0.0,693,5,5.11,0.7,16.0,8.0,2.19,1.1,2020
532,Spain,La Liga,(LEV),Morales ,10.0,0.0,758,4,2.71,0.34,17.0,8.0,2.13,1.0,2020
533,Spain,La Liga,(RMA),Federico Valverde,6.0,2.0,566,3,1.13,0.19,9.0,5.0,1.51,0.84,2020
534,Spain,La Liga,(BAR),Antoine Griezmann,8.0,1.0,634,3,3.67,0.55,18.0,8.0,2.7,1.2,2020
535,Spain,La Liga,(CEL),Iago Aspas,11.0,0.0,1056,5,4.89,0.44,21.0,12.0,1.89,1.08,2020
536,Spain,La Liga,(EIB),Kike GarcIa,9.0,1.0,790,3,2.83,0.34,19.0,8.0,2.28,0.96,2020
537,Spain,La Liga,(GET),Angel Rodriguez,3.0,6.0,501,4,2.06,0.39,14.0,7.0,2.65,1.33,2020
538,Spain,La Liga,(BAR),Ansu Fati,6.0,1.0,451,4,1.8,0.38,14.0,7.0,2.95,1.47,2020
539,Spain,La Liga,(VIL),Gerard Moreno,9.0,0.0,822,6,6.4,0.74,29.0,11.0,3.35,1.27,2020
540,Italy,Serie A,(BOL),Roberto Soriano,9.0,0.0,849,5,2.41,0.27,18.0,7.0,2.01,0.78,2020
541,Italy,Serie A,(SAS),Francesco Caputo,6.0,0.0,567,5,3.52,0.59,18.0,9.0,3.02,1.51,2020
542,Italy,Serie A,(CAG),Joao Pedro,9.0,0.0,831,6,3.41,0.39,21.0,10.0,2.4,1.14,2020
543,Italy,Serie A,(ATA),Alejandro Gomez,9.0,0.0,643,4,2.23,0.33,28.0,11.0,4.14,1.63,2020
544,Italy,Serie A,(TOR),Andrea Belotti,8.0,0.0,754,7,3.49,0.44,24.0,11.0,3.02,1.39,2020
545,Italy,Serie A,(FIO),Gaetano Castrovilli,9.0,0.0,755,4,1.43,0.18,11.0,7.0,1.38,0.88,2020
546,Italy,Serie A,(CAG),Giovanni Simeone,8.0,0.0,664,5,3.29,0.47,15.0,5.0,2.15,0.72,2020
547,Italy,Serie A,(SAS),Domenico Berardi,8.0,0.0,766,4,2.02,0.25,21.0,11.0,2.6,1.36,2020
548,Italy,Serie A,(ROM),Henrikh Mkhitaryan,9.0,0.0,825,5,5.82,0.67,30.0,14.0,3.45,1.61,2020
549,Italy,Serie A,(ROM),Jordan Veretout,9.0,0.0,769,4,3.48,0.43,18.0,7.0,2.22,0.86,2020
550,Italy,Serie A,(PAR),Gervinho ,8.0,0.0,669,4,1.97,0.28,13.0,5.0,1.85,0.71,2020
551,Italy,Serie A,(INT),Lautaro MartInez,7.0,2.0,656,5,2.35,0.34,29.0,11.0,4.2,1.59,2020
552,Italy,Serie A,(ATA),Luis Muriel,3.0,4.0,264,4,2.78,1.0,20.0,7.0,7.2,2.52,2020
553,Italy,Serie A,(JUV),Cristiano Ronaldo,5.0,1.0,397,8,5.31,1.27,26.0,13.0,6.22,3.11,2020
554,Italy,Serie A,(INT),Romelu Lukaku,6.0,2.0,580,7,7.27,1.19,22.0,10.0,3.6,1.64,2020
555,Italy,Serie A,(NAP),Dries Mertens,9.0,0.0,616,4,2.46,0.38,24.0,11.0,3.7,1.7,2020
556,Italy,Serie A,(LAZ),Ciro Immobile,6.0,1.0,571,5,3.73,0.62,22.0,8.0,3.66,1.33,2020
557,Italy,Serie A,(SAM),Fabio Quagliarella,8.0,1.0,694,5,4.46,0.61,23.0,9.0,3.15,1.23,2020
558,Italy,Serie A,(ACM),Zlatan Ibrahimovic,6.0,0.0,557,10,7.92,1.35,35.0,16.0,5.97,2.73,2020
559,Italy,Serie A,(NAP),Hirving Lozano,9.0,0.0,568,4,2.93,0.49,18.0,11.0,3.01,1.84,2020
560,Germany,Bundesliga,(LEV),Lucas Alario,6.0,1.0,561,7,3.07,0.52,20.0,11.0,3.39,1.86,2020
561,Germany,Bundesliga,(FRA),Bas Dost,8.0,1.0,732,3,3.24,0.42,14.0,8.0,1.82,1.04,2020
562,Germany,Bundesliga,(BAY),Serge Gnabry,7.0,1.0,626,4,1.58,0.24,18.0,9.0,2.73,1.37,2020
563,Germany,Bundesliga,(WOB),Wout Weghorst,8.0,1.0,778,6,5.57,0.68,25.0,14.0,3.05,1.71,2020
564,Germany,Bundesliga,(RBL),Dani Olmo,9.0,0.0,834,4,2.28,0.26,19.0,8.0,2.16,0.91,2020
565,Germany,Bundesliga,(KOL),Ellyes Skhiri,8.0,0.0,709,3,1.87,0.25,6.0,3.0,0.8,0.4,2020
566,Germany,Bundesliga,(BAY),Thomas Muller,9.0,0.0,822,4,3.2,0.37,13.0,5.0,1.5,0.58,2020
567,Germany,Bundesliga,(UNB),Max Kruse,7.0,2.0,669,6,4.44,0.63,13.0,10.0,1.85,1.42,2020
568,Germany,Bundesliga,(FRA),Andre Silva,9.0,0.0,802,7,7.43,0.88,37.0,16.0,4.38,1.9,2020
569,Germany,Bundesliga,(FCA),Andre Hahn,7.0,2.0,547,3,1.44,0.25,12.0,6.0,2.08,1.04,2020
570,Germany,Bundesliga,(MAI),Jean-Philippe Mateta,9.0,0.0,723,7,6.01,0.79,23.0,12.0,3.02,1.58,2020
571,Germany,Bundesliga,(HOF),Andrej Kramaric,5.0,0.0,481,7,4.61,0.91,23.0,14.0,4.54,2.77,2020
572,Germany,Bundesliga,(SVW),Niclas Fullkrug,4.0,1.0,293,4,3.02,0.98,13.0,7.0,4.22,2.27,2020
573,Germany,Bundesliga,(BMG),Lars Stindl,7.0,2.0,567,4,3.52,0.59,19.0,9.0,3.18,1.51,2020
574,Germany,Bundesliga,(FCA),Daniel Caligiuri,9.0,0.0,841,3,0.8,0.09,11.0,5.0,1.24,0.56,2020
575,Germany,Bundesliga,(DOR),Erling Haaland,7.0,1.0,683,10,6.76,0.94,30.0,14.0,4.17,1.95,2020
576,Germany,Bundesliga,(BSC),Jhon Cordoba,5.0,2.0,493,3,2.23,0.43,18.0,5.0,3.47,0.96,2020
577,Germany,Bundesliga,(SCF),Nils Petersen,6.0,3.0,608,4,2.11,0.33,15.0,7.0,2.34,1.09,2020
578,Germany,Bundesliga,(BSC),Matheus Cunha,9.0,0.0,857,6,3.43,0.38,26.0,15.0,2.88,1.66,2020
579,Germany,Bundesliga,(BAY),Robert Lewandowski,7.0,1.0,672,12,7.78,1.1,35.0,17.0,4.95,2.4,2020
580,France,France Ligue 18,(NAN),Ludovic Blas,11.0,1.0,990,4,1.88,0.18,19.0,7.0,1.82,0.67,2020
581,France,France Ligue 12,(ANG),Stephane Bahoken,8.0,2.0,644,5,3.53,0.52,30.0,14.0,4.43,2.07,2020
582,France,France Ligue 9,(LYO),Karl Toko,9.0,1.0,822,5,5.88,0.68,27.0,12.0,3.12,1.39,2020
583,France,France Ligue 10,(MON),Kevin Volland,9.0,1.0,709,5,3.43,0.46,12.0,11.0,1.61,1.47,2020
584,France,France Ligue 3,(MPE),Andy Delort,11.0,0.0,902,6,4.18,0.44,31.0,14.0,3.26,1.47,2020
585,France,France Ligue 4,(LIL),Burak Yilmaz,10.0,1.0,903,6,4.56,0.48,28.0,17.0,2.95,1.79,2020
586,France,France Ligue 5,(MET),Ibrahima Niane,6.0,0.0,482,6,3.45,0.68,21.0,9.0,4.14,1.77,2020
587,France,France Ligue 2,(REI),Boulaye Dia,9.0,1.0,772,8,5.28,0.65,25.0,12.0,3.08,1.48,2020
588,France,France Ligue 20,(PSG),Moise Kean,6.0,0.0,454,4,3.2,0.67,14.0,5.0,2.93,1.05,2020
589,France,France Ligue 15,(LEN),Ignatius Ganago,6.0,3.0,452,4,3.33,0.7,14.0,7.0,2.94,1.47,2020
590,France,France Ligue 8,(BRE),Irvin Cardona,6.0,5.0,627,5,2.71,0.41,21.0,8.0,3.18,1.21,2020
591,France,France Ligue 6,(MON),Wissam Ben,10.0,1.0,879,6,5.74,0.62,30.0,8.0,3.24,0.86,2020
592,France,France Ligue 14,(MAR),Florian Thauvin,10.0,0.0,835,4,2.99,0.34,21.0,8.0,2.39,0.91,2020
593,France,France Ligue 13,(NIC),Amine Gouiri,9.0,2.0,903,4,3.33,0.35,26.0,10.0,2.74,1.05,2020
594,France,France Ligue 16,(LIL),Jonathan Bamba,11.0,1.0,1061,4,1.68,0.15,25.0,9.0,2.24,0.81,2020
595,France,France Ligue 17,(STR),Ludovic Ajorque,11.0,0.0,1008,4,3.61,0.34,17.0,8.0,1.6,0.75,2020
596,France,France Ligue 1,(PSG),Kylian Mbappe-Lottin,7.0,1.0,610,9,6.81,1.06,33.0,20.0,5.14,3.11,2020
597,France,France Ligue 19,(DIJ),Mama Balde,8.0,0.0,669,4,4.01,0.57,30.0,10.0,4.26,1.42,2020
598,France,France Ligue 11,(LYO),Memphis Depay,9.0,3.0,903,5,4.75,0.5,30.0,10.0,3.16,1.05,2020
599,France,France Ligue 7,(LEN),Gael Kakuta,10.0,1.0,786,5,4.14,0.5,18.0,6.0,2.18,0.73,2020
600,England,Premier League,(SOU),James Ward-Prowse,10.0,0.0,960,4,0.71,0.07,10.0,7.0,0.99,0.69,2020
601,England,Premier League,(MNU),Bruno Fernandes,9.0,0.0,809,7,5.45,0.64,30.0,14.0,3.52,1.64,2020
602,England,Premier League,(EVE),Dominic Calvert-Lewin,10.0,0.0,940,10,7.12,0.72,32.0,18.0,3.23,1.82,2020
603,England,Premier League,(CHE),Timo Werner,10.0,0.0,876,4,3.69,0.4,23.0,10.0,2.49,1.08,2020
604,England,Premier League,(NEW),Callum Wilson,9.0,0.0,835,7,6.5,0.74,18.0,8.0,2.05,0.91,2020
605,England,Premier League,(LIV),Diogo Jota,5.0,3.0,530,5,2.51,0.45,20.0,11.0,3.58,1.97,2020
606,England,Premier League,(CRY),Wilfried Zaha,8.0,0.0,779,5,4.35,0.53,18.0,7.0,2.2,0.85,2020
607,England,Premier League,(AVL),Jack Grealish,9.0,0.0,872,5,2.85,0.31,26.0,9.0,2.83,0.98,2020
608,England,Premier League,(WOL),Raul Jimenez,10.0,0.0,872,4,3.3,0.36,26.0,10.0,2.83,1.09,2020
609,England,Premier League,(WHU),Jarrod Bowen,10.0,0.0,845,4,2.94,0.33,22.0,5.0,2.47,0.56,2020
610,England,Premier League,(LEE),Patrick Bamford,10.0,0.0,898,7,7.28,0.77,40.0,17.0,4.23,1.8,2020
611,England,Premier League,(LIV),Mohamed Salah,9.0,0.0,831,8,6.12,0.7,35.0,15.0,4.0,1.71,2020
612,England,Premier League,(LEI),Jamie Vardy,8.0,1.0,780,8,8.7,1.06,21.0,15.0,2.56,1.83,2020
613,England,Premier League,(TOT),Harry Kane,10.0,0.0,956,7,6.64,0.66,39.0,15.0,3.88,1.49,2020
614,England,Premier League,None,Danny Ings ,7.0,0.0,662,5,2.58,0.37,15.0,9.0,2.15,1.29,2020
615,England,Premier League,(BHA),Neal Maupay,9.0,0.0,786,4,6.54,0.79,25.0,11.0,3.02,1.33,2020
616,England,Premier League,(AVL),Ollie Watkins,9.0,0.0,872,6,6.43,0.7,22.0,9.0,2.4,0.98,2020
617,England,Premier League,(LIV),Sadio Mane,8.0,1.0,785,4,4.88,0.59,27.0,13.0,3.27,1.57,2020
618,England,Premier League,(MNC),Riyad Mahrez,7.0,0.0,612,4,1.93,0.3,21.0,10.0,3.26,1.55,2020
619,England,Premier League,(TOT),Son Heung-Min,10.0,0.0,861,9,3.9,0.43,20.0,12.0,2.21,1.32,2020
620,Brazil,Campeonato Brasileiro SÃ©rie A,(SAP),Luciano ,16.0,3.0,1588,11,6.02,0.36,37.0,17.0,2.21,1.02,2020
621,Brazil,Campeonato Brasileiro SÃ©rie A,(CEA),Vinicius ,16.0,1.0,1348,7,5.25,0.37,51.0,24.0,3.59,1.69,2020
622,Brazil,Campeonato Brasileiro SÃ©rie A,(SAN),Marinho ,17.0,2.0,1662,13,7.52,0.43,58.0,26.0,3.32,1.49,2020
623,Brazil,Campeonato Brasileiro SÃ©rie A,(PAL),Raphael Veiga,10.0,4.0,914,6,3.37,0.35,27.0,11.0,2.81,1.14,2020
624,Brazil,Campeonato Brasileiro SÃ©rie A,(PAL),Luiz Adriano,14.0,3.0,1235,7,6.24,0.48,21.0,13.0,1.62,1.0,2020
625,Brazil,Campeonato Brasileiro SÃ©rie A,(CEA),Cleber ,17.0,3.0,1336,5,6.75,0.48,41.0,13.0,2.92,0.92,2020
626,Brazil,Campeonato Brasileiro SÃ©rie A,(VDG),German Cano,19.0,0.0,1733,10,10.03,0.55,37.0,22.0,2.03,1.21,2020
627,Brazil,Campeonato Brasileiro SÃ©rie A,(GRE),Pepe,15.0,3.0,1397,7,5.44,0.37,32.0,13.0,2.18,0.88,2020
628,Brazil,Campeonato Brasileiro SÃ©rie A,(SAP),Brenner None,9.0,6.0,1063,6,7.5,0.67,36.0,14.0,3.22,1.25,2020
629,Brazil,Campeonato Brasileiro SÃ©rie A,(BOT),Matheus Babi,17.0,3.0,1709,6,5.94,0.33,32.0,14.0,1.78,0.78,2020
630,Brazil,Campeonato Brasileiro SÃ©rie A,(FLU),Nene ,18.0,0.0,1434,7,4.38,0.29,35.0,13.0,2.32,0.86,2020
631,Brazil,Campeonato Brasileiro SÃ©rie A,(FLA),Bruno Henrique,15.0,1.0,1412,5,8.92,0.6,45.0,18.0,3.03,1.21,2020
632,Brazil,Campeonato Brasileiro SÃ©rie A,(INT),Thiago Galhardo,16.0,5.0,1605,15,12.5,0.74,53.0,27.0,3.14,1.6,2020
633,Brazil,Campeonato Brasileiro SÃ©rie A,(CAM),Keno ,19.0,3.0,1829,10,11.36,0.59,72.0,31.0,3.74,1.61,2020
634,Brazil,Campeonato Brasileiro SÃ©rie A,(RBB),Alerrandro ,10.0,2.0,861,5,6.07,0.67,24.0,11.0,2.65,1.21,2020
635,Brazil,Campeonato Brasileiro SÃ©rie A,(FOR),Wellington Paulista,13.0,8.0,1208,6,5.34,0.42,24.0,12.0,1.89,0.94,2020
636,Brazil,Campeonato Brasileiro SÃ©rie A,(RBB),Claudinho ,19.0,1.0,1657,10,4.19,0.24,53.0,19.0,3.04,1.09,2020
637,Brazil,Campeonato Brasileiro SÃ©rie A,(CFC),Robson,22.0,0.0,1937,6,8.56,0.42,53.0,17.0,2.6,0.83,2020
638,Brazil,Campeonato Brasileiro SÃ©rie A,(FLA),Pedro ,12.0,6.0,1207,10,10.42,0.82,46.0,25.0,3.62,1.97,2020
639,Brazil,Campeonato Brasileiro SÃ©rie A,(CAP),Renato Kayzer,17.0,1.0,1639,7,7.59,0.44,46.0,21.0,2.67,1.22,2020
640, Netherlands,Eredivisie,(MNU),Donny van de Beek,22.0,1.0,2023,8,4.9,0.23,44.0,16.0,2.07,0.75,2020
641, Netherlands,Eredivisie,(AZA),Teun Koopmeiners,25.0,0.0,2336,11,9.34,0.38,35.0,18.0,1.42,0.73,2020
642, Netherlands,Eredivisie,Aitor,Cantalapiedra ,21.0,0.0,1933,7,9.16,0.45,58.0,23.0,2.85,1.13,2020
643, Netherlands,Eredivisie,(FEY),Bryan Linssen,25.0,0.0,2256,14,8.31,0.35,92.0,39.0,3.87,1.64,2020
644, Netherlands,Eredivisie,Tim,Matavz ,24.0,1.0,2157,12,9.08,0.4,55.0,28.0,2.42,1.23,2020
645, Netherlands,Eredivisie,(SEV),Oussama Idrissi,25.0,0.0,2047,13,7.11,0.33,67.0,34.0,3.11,1.58,2020
646, Netherlands,Eredivisie,(AJA),Dusan Tadic,25.0,0.0,2287,11,11.31,0.47,63.0,26.0,2.62,1.08,2020
647, Netherlands,Eredivisie,(FEY),Steven Berghuis,24.0,0.0,2226,15,13.36,0.57,89.0,44.0,3.8,1.88,2020
648, Netherlands,Eredivisie,(CSK),Chidera Ejuke,24.0,1.0,2147,9,6.55,0.29,60.0,25.0,2.65,1.11,2020
649, Netherlands,Eredivisie,(AZA),Myron Boadu,24.0,0.0,2099,14,13.26,0.6,60.0,30.0,2.72,1.36,2020
650, Netherlands,Eredivisie,(AJA),Klaas-Jan Huntelaar,6.0,12.0,938,9,6.91,0.7,32.0,17.0,3.24,1.72,2020
651, Netherlands,Eredivisie,(WIL),Vangelis Pavlidis,25.0,0.0,2265,11,12.64,0.53,70.0,31.0,2.94,1.3,2020
652, Netherlands,Eredivisie,(EMM),Michael de Leeuw,26.0,0.0,2383,9,8.28,0.33,51.0,23.0,2.03,0.92,2020
653, Netherlands,Eredivisie,(PSV),Donyell Malen,14.0,0.0,1245,11,8.91,0.68,59.0,32.0,4.5,2.44,2020
654, Netherlands,Eredivisie,(RZA),Haris Vuckic,23.0,2.0,2194,11,6.0,0.26,38.0,17.0,1.65,0.74,2020
655, Netherlands,Eredivisie,(UTR),Gyrano Kerk,24.0,0.0,2155,10,7.49,0.33,50.0,18.0,2.2,0.79,2020
656, Netherlands,Eredivisie,(AJA),Quincy Promes,18.0,2.0,1573,12,9.77,0.59,56.0,30.0,3.38,1.81,2020
657, Netherlands,Eredivisie,(PSV),Denzel Dumfries,25.0,0.0,2363,7,5.72,0.23,45.0,14.0,1.81,0.56,2020
658, Netherlands,Eredivisie,None,Cyriel Dessers ,26.0,0.0,2461,15,14.51,0.56,84.0,43.0,3.24,1.66,2020
659, Netherlands,Eredivisie,(PSV),Cody Gakpo,14.0,11.0,1557,7,4.43,0.27,38.0,15.0,2.32,0.92,2020
660,,Bundesliga,,Anurag,,,1000,100,,,,,,,
